20201102 오전 11:13,101,258,TF특징주 한미약품 신약 FDA 승인 기대감에 상승,한미약품이 2일 장 초반 강세를 보이고 있다. 한미약품은 이날 오전 11시 3분 현재 전 거래일 보다 2.86% 7500원 오른 27만 원에 거래 중이다. 한미약품 제공신영증권 신약 롤론티스 미국 FDA 승인 앞둬…허가 문제 없을 것 더팩트ㅣ정소양 기자 한미약품이 개발하는 신약이 내년 미국 식품의약국 FDA 승인을 앞두고 있다는 증권가 분석에 장 초반 강세를 보이고 있다.한미약품은 2일 오전 11시 3분 현재 전 거래일 보다 2.86% 7500원 오른 27만 원에 거래되고 있다.이날 이명선 신영증권 연구원은 보고서를 통해 내년에는 한미약품의 오라스커버리 기술을 적용한 경구용 항암제 오락솔과 랩스커버리 기술을 적용한 롤론티스가 미국 식품의약국 FDA 승인을 앞두고 있다 며 오락솔은 우선심사가 지정됐고 단축심사 PUDFA 일정은 내년 2월 23일 이라고 설명했다.이 연구원은 롤론티스는 지난 10월 PUDFA 일정이 우수의약품제조관리기준 GMP 실사 미실시로 허가가 지연됐지만 서류 보완이나 생산시설 실사 등에서 문제가 없었기 때문에 FDA 허가는 문제 없을 것 이라고 분석했다.,https://news.naver.com/main/read.nhn?mode=LS2D&mid=shm&sid1=101&sid2=258&oid=629&aid=0000049836
20201102 오전 9:49,101,258,특징주 한미약품 신약 FDA 승인 앞두고 상승세,사진 한미약품한미약품이 개발하는 신약이 내년 미국 식품의약국 FDA 승인을 앞두고 있다는 소식에 주가가 상승세다.2일 오전 9시46분 기준 한미약품은 전 거래일 대비 2.48% 6500원 오른 26만9000원에 거래되고 있다.신영증권 보고서에 따르면 한미약품의 오라스커버리 기술을 적용한 경구용 항암제 오락솔과 랩스커버리 기술을 적용한 롤론티스는 내년 미국 식품의약국 FDA 승인을 앞두고 있다.한미약품은 지난달 30일 올해 3분기 연결기준 영업손실 322억8200만원을 기록해 전년동기대비 적자전환했다고 공시한 바 있다.신영증권 측은 중국 현지법인 북경한미 실적이 반등 가능성을 보여줘 불확실성이 해소됐다 고 분석했다.,https://news.naver.com/main/read.nhn?mode=LS2D&mid=shm&sid1=101&sid2=258&oid=417&aid=0000613030
20201102 오전 9:34,101,258,특징주 한미약품 내년 신약 개발 기대감에 강세,아이뉴스24 류은혁 기자 한미약품이 내년 글로벌 신약 개발에 대한 기대감이 커지고 있다는 증권가 분석에 장 초반 강세다.한미약품은 2일 오전 9시30분 현재 전 거래일 보다 3.81% 1만원 오른 27만2천500원에 거래되고 있다.이날 이명선 신영증권 연구원은 보고서를 통해 내년에는 한미약품의 오라스커버리 기술을 적용한 경구용 항암제 오락솔과 랩스커버리 기술을 적용한 롤론티스가 미국 식품의약국 FDA 승인을 앞두고 있다 며 오락솔은 우선심사가 지정됐고 단축심사 PUDFA 일정은 내년 2월 23일 이라고 설명했다.이 연구원은 롤론티스는 지난 10월 PUDFA 일정이 우수의약품제조관리기준 GMP 실사 미실시로 허가가 지연됐지만 서류 보완이나 생산시설 실사 등에서 문제가 없었기 때문에 FDA 허가는 문제 없을 것 이라고 분석했다.,https://news.naver.com/main/read.nhn?mode=LS2D&mid=shm&sid1=101&sid2=258&oid=031&aid=0000565880
20201102 오전 9:36,101,258,한미약품 실적 불확실성 해소에 장초반 3% 오름세,머니투데이 김태현 기자 한미약품은 장 초반 가파른 오름세를 보이고 있다. 실적 불확실성 해소와 내년 신약 개발에 대한 기대가 주가를 끌어올리고 있다.2일 오전 9시 35분 한미약품은 전 거래일 대비 8500원 3.24% 오른 27만1000원에 거래되고 있다. 3거래일만에 반등했다. 향후 실적 개선에 대한 기대가 주가에 반영됐다.올해 3분기 한미약품은 매출액 2669억원 영업적자 312억원을 기록했다. 매출액은 전년동기 대비 0.4% 증가했지만 영업적자를 기록하며 적자전환했다.적자전환의 원인은 지난 9월 사노피와의 당뇨병 치료제 에페글레나타이드 기술수출 계약 종료다. 2015년 한미약품과 에페글레나타이드 기술수출 계약을 체결했던 사노피는 지난 9월 개발 중단을 결정하고 에페글레나타이드 권리를 반환했다.그러나 중국 현지법인 북경한미의 실적이 고무적이다. 북경한미는 중국 내 영업활동 재개로 손익분기점 수준의 흑자전환에 성공했다. 이명선 신영증권 연구원은 분기 실적 발표로 분기 적자임에도 북경한미의 실적 반등 가능성을 보여줘 이망비용의 불확실성이 해소됐다는 점에서 의미가 있다 고 설명했다.이 연구원은 내년 한미약품의 오라스커버리 기술을 적용한 경구용 항암제 오락솔과 랩스커버리 기술을 적용한 롤론티스가 미국 FDA 승인을 앞두고 있다 고 기대했다.,https://news.naver.com/main/read.nhn?mode=LS2D&mid=shm&sid1=101&sid2=258&oid=008&aid=0004493273
20201102 오전 8:32,101,258,한미약품 내년 신약 개발 기대감 부각신영증권,투자의견 매수와 목표주가 36만원 유지 아이뉴스24 류은혁 기자 신영증권은 2일 한미약품에 대해 내년 글로벌 신약 개발에 대한 기대감이 커지고 있다며 투자의견 매수 와 목표주가 36만원을 각각 유지했다.이명선 신영증권 연구원은 3분기 한미약품의 매출은 전년 동기 대비 0.4% 증가한 2천669억원 영업이익은 적자로 전환했다 며 이는 코로나19로 인한 자회사 실적 부진과 에페글레나타이드의 기술반환에 따른 임상 비용 일시 처리에 따른 결과 라고 설명했다.이 연구원은 2분기 코로나19로 적자로 돌아섰던 북경한미는 중국내 영업활동 재개로 손익분기점 수준의 흑자전환을 했다 며 반면 한미정밀화학은 매출액 183억원 영업손실 10억원으로 코로나19로 인해 유럽 세파계 항생제 수출 감소 등으로 적자전환했다 고 설명했다.임상비용은 전년 동기 대비 75.8% 증가한 844억원으로 사노피와 공동연구개발비 496억원이 추가 반영돼 323억원의 영업손실이 발생했지만 이후 추가로 반영될 관련 비용은 없다는게 그의 설명이다.이 연구원은 한미약품은 북경한미 실적 부진과 사노피의 기술반환 등으로 반영될 임상비용 불확실성으로 그동안 적절한 평가를 받지 못했다 며 3분기 실적 발표로 분기 적자임에도 북경한미의 실적 반등 가능성을 보여줘 이망비용의 불확실성이 해소됐다는 점에서 의미가 있다 고 밝혔다.그는 내년에는 한미약품의 오라스커버리 기술을 적용한 경구용 항암제 오락솔과 랩스커버리 기술을 적용한 롤론티스가 미국 식품의약국 FDA 승인을 앞두고 있다 며 오락솔은 우선심사가 지정됐고 단축심사 PUDFA 일정은 내년 2월23일 이라며 롤론티스는 지난 10월 PUDFA 일정이 우수의약품제조관리기준 GMP 실사 미실시로 허가가 지연됐지만 서류 보완이나 생산시설 실사 등에서 문제가 없었기 때문에 FDA 허가는 문제 없을 것 이라고 말했다.,https://news.naver.com/main/read.nhn?mode=LS2D&mid=shm&sid1=101&sid2=258&oid=031&aid=0000565843
20201102 오전 8:13,101,258,한미약품 실적 불확실성 해소…내년 신약 탄생 기대신영,이데일리 이광수 기자 신영증권은 한미약품 128940 에 대해 실적 불확실성이 해소됐다며 내년에는 글로벌 신약 탄생이 기대된다고 밝혔다. 투자의견은 ‘매수’ 목표가는 36만원을 각각 유지했다. 이명선 신영증권 연구원은 2일 “3분기 한미약품의 매출은 전년 동기 대비 0.4% 증가한 2669억원 영업이익은 적자로 전환됐다”며 “이는 신종 코로나바이러스 감염증 코로나19 로 인한 자회사 실적 부진과 에페글레나타이드의 기술반환에 따른 임상 비용 일시 처리에 따른 결과”라고 설명했다. 이 연구원은 “2분기 코로나19로 적자로 돌아섰던 북경한미는 중국내 영업활동 재개로 손익분기점 수준의 흑자전환을 했다”며 “반면 한미정밀화학은 매출액 183억원 영업손실 10억원으로 코로나19로 인해 유럽 세파계 항생제 수출 감소 등으로 적자전환했다”고 설명했다.임상비용은 전년 동기 대비 75.8% 증가한 844억원으로 사노피와 공동연구개발비 496억원이 추가 반영돼 323억원의 영업손실이 발생했지만 이후 추가로 반영될 관련 비용은 없다는게 그의 설명이다. 이 연구원은 “한미약품은 북경한미 실적 부진과 사노피의 기술반환 등으로 반영될 임상비용 불확실성으로 그동안 적절한 평가를 받지 못했다”며 “3분기 실적 발표로 분기 적자임에도 북경한미의 실적 반등 가능성을 보여줘 이망비용의 불확실성이 해소됐다는 점에서 의미가 있다고 생각된다”고 밝혔다.그는 “내년에는 한미약품의 오라스커버리 기술을 적용한 경구용 항암제 오락솔과 랩스커버리 기술을 적용한 롤론티스가 미국 FDA 승인을 앞두고 있다”며 “오락솔은 우선심사가 지정됐고 단축심사 PUDFA 일정은 내년 2월 23일”이라며 “롤론티스는 지난 10월 PUDFA 일정이 우수의약품제조관리기준 GMP 실사 미실시로 허가가 지연됐지만 서류 보완이나 생산시설 실사 등에서 문제가 없었기 때문에 FDA 허가는 문제 없을 것”이라고 말했다.,https://news.naver.com/main/read.nhn?mode=LS2D&mid=shm&sid1=101&sid2=258&oid=018&aid=0004774944
20201103 오전 9:07,101,258,한미약품 내년 RD 모멘텀 존재…목표주가 ↑하나금융,파이낸셜뉴스 하나투자증권은 3일 한미약품에 대해 3·4분기 대규모 적자시현으로 악재가 해소됐다며 투자의견 ‘매수’ 목표주가 43만원으로 상향했다. 한미약품은 3·4분기 사노피와의 기술계약 파기로 잔여 공동연구 개발비 496억원이 일시에 반영되면서 323억원 대규모 적자를 시현했다. 기술반환으로 인한 실적 악화로 일시에 반영이 끝났기 때문에 4·4분기부터는 정상화될 것으로 추정된다. 선민정 하나금융투자 연구원은 “중국의 코로나19 바이러스 여파로 2·4분기 매출급감과 111억원 적자를 시현했던 북경한미도 코로나19 이전으로 완벽하게 회복하지는 못했다”면서 “3·4분기 북경한미의 매출액은 전년대비 31% 감소했으며 영업이익은 BEP 수준의 흑자전환 정도에 만족해야 했다”고 말했다. 유럽에서는 코로나19 바이러스의 확산으로 병원방문 저하에 따른 세파계 주사제의 유럽향 수출이 감소하면서 수출은 전 분기대비 약 8.6% 감소했다. 선 연구원은 “한미정밀화학 마저도 10억원의 영업 적자를 시현했다”면서 “한미약품의 의약품 매출은 전년대비 4.2% 성장하기는 했지만 2018년과 2019년과 같은 두 자릿수 성장은 이제 어려울 것”이라고 예상했다. 9월 9일 사노피로부터 에페글레나타이드가 반환되면서 2015년 한미약품이 체결했던 4건의 대규모 기술이전 물질들은 모두 반환됐다. 스펙트럼사의 롤론티스 승인 여부가 결정되는 PDUFA date도 코로나19 바이러스로 인해 연기됐다. 선 연구원은 “롤론티스의 생산 공장은 한미약품의 평택 바이오 신공장으로 제품의 승인을 위해서는 반드시 FDA 실사가 필요하다”면서 “코로나19 바이러스 확산이라는 불확실성으로 인해 다음 PDUFA date도 통보받지 못한 채 연기됐다”고 전했다. 롤론티스가 미 FDA로부터 승인을 획득하게 되면 약 116억원의 개발 마일스톤을 수령받을 것으로 예정돼 있기 때문에 기술료 수익도 당분간 연기가 불가피하게 됐다. 다만 승인일정은 지연됐으나 실사 외 허가에 필요한 모든 절차는 성공적으로 마무리됐기 때문에 실사만 가능해진다면 허가는 빠르게 진행될 것으로 예상된다. 아테넥스사의 오락솔은 임상 3상에서 전이성 유방암 환자 대상으로 파클리탁셀 대비 우수한 효능을 입증한 바 있다. 3·4분기 허가신청서 검토가 시작됨에 따라 2021년 2월 28일이 PDUFA date로 승인여부가 결정될 것으로 보인다. 스펙트럼사의 포지오티닙도 코호트3 임상결과를 2021년 초 발표할 수 있을 것으로 기대된다. HER2 Exon20 돌연변이 비소세포폐암 환자들에게서 양호한 반응율을 보인만큼 이에 대한 신속허가 신청도 준비 중에 있다. 2016년 로슈로 기술이전됐던 항암제 벨바라페닙도 현재 단독요법과 병용요법 임상 1상이 진행 중으로 2021년에는 다양한 항암 학회에서 벨바라페닙의 임상결과를 확인할 수 있을 것으로 기대된다. 벨바라페닙의 반환 우려는 임상결과가 나오면 해소될 수 있을 것으로 보인다. LAPS triple agonist는 연내 임상 2b상 개시가 기대되며 NASH의 GLP1 계열에 대한 글로벌 제약사들의 니즈가 높은 점을 감안 시 대규모 기술이전이 기대된다. LAPS Glucagon도 연내 임상 1b상이 완료될 것으로 예상된다. 비만 동물 모델에서 GLP1 계열의 약물 대비 뛰어난 지방감소 효과를 확인했기 때문에 차세대 비만 치료제로서의 가능성을 충분히 입증했다. 선 연구원은 “한미약품의 R D 더 이상 악재는 없다”면서 “2021년 다양한 R D 모멘텀이 존재하는 해 지금이 저점에서 매수할 수 있는 적기”라고 말했다.,https://news.naver.com/main/read.nhn?mode=LS2D&mid=shm&sid1=101&sid2=258&oid=014&aid=0004521838
20201113 오후 2:06,101,258,한미약품 개발중인 비알코올성 지방간염 치료제 동물실험서 효과,미국간학회 AASLD 개최 일정을 알리는 홈페이지 내용 서울경제 한미약품 128940 이 개발 중인 비 非 알코올성 지방간염 NASH 치료제가 동물실험에서 간 염증 치료 효과를 보였다. 한미약품은 개발 중인 ‘랩스 트리플 아고니스트’ LAPS Triple Agonist 가 고지방 식이요법과 화학요법으로 유도된 간염증·간섬유증 동물모델에서 염증성 사이토카인 발현 감소와 조직학적 질환 개선 효과를 냈다고 13일 밝혔다. 담즙정체성 담관염과 간섬유화가 유도된 모델에서도 직접적인 간섬유화 개선 효능을 보였다. 한미약품은 이와 관련된 연구 결과 3건을 이달 13일부터 16일까지 열리는 ‘미국 간학회’ AASLD 에서 포스터 발표했다. 3건의 포스터 발표에 포함된 모든 모델에서 경쟁 약물인 ‘FXR 아고니스트’ 성분명 오베티콜산 보다 우수한 항섬유화 효능을 확인했다. 랩스 트리플 아고니스트는 체내 에너지 대사량을 증가시키는 글루카곤 인슐린분비와 식욕 억제를 돕는 글루카곤 유사 펩타이드 1 GLP 1 항염증 작용을 하는 포도당 의존성 인슐린분비 자극 펩타이드 GIP 수용체를 동시에 활성화하는 삼중작용 바이오신약 후보물질이다. 올해 7월 미국 식품의약국 FDA 으로부터 신속 개발 필요성을 인정받아 패스트트랙으로 지정됐다. 지금은 생체검사에서 질환이 확인된 NASH 환자들을 대상으로 유효성을 확인하기 위한 미국 임상 2상이 진행 중이다. 권세창 한미약품 사장은 “삼중작용 치료제인 랩스 트리플 아고니스트는 다양한 NASH 증상을 동시에 타깃하는 혁신적 신약”이라며 “미국과 유럽의 글로벌 최대 규모 학회에서 간 전문가들의 주목을 받고 있는 만큼 조속한 상용화를 위해 최선을 다하겠다”고 말했다.,https://news.naver.com/main/read.nhn?mode=LS2D&mid=shm&sid1=101&sid2=258&oid=011&aid=0003825601
20201125 오전 8:06,101,258,빅데이터MSI시장심리 톱5 삼성생명·한국가스공사·강원랜드·에이블씨엔씨·한미약품,워스트5 POSCO·대우건설·대한유화·현대로템·현대백화점 서울 뉴시스 신항섭 기자 25일 빅데이터 시장심리지수 MSI 가 가장 높은 톱5에 삼성생명·한국가스공사·강원랜드·에이블씨엔씨·한미약품이 선정됐다.이는 뉴시스와 코스콤이 주요 상장기업 250곳에 대해 공동 분석해 산출해 낸 빅데이터 MSI hp m.newsis.com stock.html 모바일 전용 로 전 거래일 오후 4시부터 이날 오전 8시까지 데이터를 취합한 결과다.삼성생명의 시장심리지수는 전 거래일에서 다섯 단계 급등한 7단계 매우 좋음 을 나타냈다. 관련 키워드로는 서비스 손해율 보험사 전략 자문 자동차보험 디지털 모델 분쟁 등이 뽑혔다.한국가스공사의 시장심리지수는 전 거래일보다 두 단계 상승한 7단계로 집계됐다. 연관 키워드로는 잉여현금흐름 조선사 건조 가스공사 선박 천연가스 해외 플랫폼 등이 꼽혔다.강원랜드의 시장심리지수는 7단계 매우 좋음 으로 전 거래일 대비 다섯 단계 올랐다. 온라인에서는 카지노 백신 상승률 영업적자 우상향 직격탄 화이자 긍정적 등이 주로 검색됐다.에이블씨엔씨의 MSI지수는 전 거래일과 대비 여섯 단계 상승한 7단계를 나타냈다. 핵심 키워드로는 화장품 미샤 소비자 브랜드숍 마케팅 매장 비교 해외 에센스 등이 선정됐다.한미약품의 MSI지수는 6단계 매우 좋음 으로 전 거래일에서 한 단계 올랐다. 주요 키워드로는 지방간염 신약 개발 증상 삼중작용제 기술 후보물질 허가 치료제 등이 꼽혔다.시장심리가 낮은 워스트5 에는 POSCO·대우건설·대한유화·현대로템·현대백화점이 꼽혔다.POSCO의 시장심리지수는 전 거래일에서 한 단계 내린 매우 나쁨 을 기록했다. 관련 키워드로는 재택근무 방역 강화 직원 확진자 배터리 감염 등이 꼽혔다.대우건설의 시장심리지수는 전 거래일 대비 세 단계 하락한 1단계로 집계됐다. 연관 키워드로는 제재 금감원 사태 라임 최종 문책경고 제재안 현직 증선위 소송 등이 뽑혔다.대한유화의 시장심리지수는 전 거래일 대비 5단계 내린 1단계를 나타냈다. 온라인에서는 등이 조회공시 현저 한국거래소 요구 보통주 코스닥시장본부 잠정 시황변동 제고 최대주주 등이 주로 검색됐다.현대로템의 MSI지수는 1단계로 전 거래일보다 네 단계 하락했다. 핵심 키워드로는 다목적무인차량 낙찰자 기술 신속시범획득사업 국책과제 도입 예산 옵션 입찰 등이 선정됐다.현대백화점 MSI지수는 전 거래일 대비 두 단계 하락한 1단계 매우 나쁨 을 기록했다. 키워드로 재택근무 강화 방역 직원 확진자 시행 물류 조치 감염 사회적 업무 등이 뽑혔다.MSI는 총 7단계로 나뉜다. 1단계 매우 나쁨 2단계 나쁨 3단계 약간 나쁨 4단계 보통 5단계 약간 좋음 6단계 좋음 7단계 매우 좋음 등으로 분류된다.MSI 레벨이 가장 낮은 수준인 1단계에서 가장 높은 수준인 7단계 쪽으로 바뀌면 해당 종목에 대해 온라인상에서의 반응이 부정에서 긍정으로 바뀌고 있다는 뜻으로 풀이할 수 있다.※ 빅데이터MSI는 투자 참고용이며 투자 결과에 책임을 지지 않습니다. 주식시장에서는 다양한 국내외 변수가 존재하기 때문에 한 지표로만 판단하면 뜻하지 않은 결과를 초래할 수 있습니다.,https://news.naver.com/main/read.nhn?mode=LS2D&mid=shm&sid1=101&sid2=258&oid=003&aid=0010204638
20201126 오전 9:17,101,258,특징주 한미약품 장 초반 상승세… 신약 내년 FDA 승인 앞둬,사진 한미약품한미약품이 장 초반 상승세다.26일 오전 9시7분 기준 한미약품은 전 거래일보다 3.99% 1만3000원 상승한 33만8500원에 거래되고 있다.앞서 한미약품의 글로벌 신약이 내년 미국 식품의약국 FDA 승인을 앞두고 있다는 소식에 주가가 상승한 바 있다.한미약품은 지난달 30일 올해 3분기 연결기준 영업손실 322억8200만원을 기록해 전년 동기대비 적자전환했다고 공시한 바 있다.이명선 신영증권 연구원은 오락솔은 우선심사가 지정됐고 단축심사 PUDFA 일정은 내년 2월 23일이다 며 롤론티스는 지난 10월 PUDFA 일정이 우수의약품제조관리기준 GMP 실사 미실시로 허가가 지연됐지만 서류 보완이나 생산시설 실사 등에서 문제가 없었기 때문에 FDA 허가는 문제없을 것 이라고 평가했다.,https://news.naver.com/main/read.nhn?mode=LS2D&mid=shm&sid1=101&sid2=258&oid=417&aid=0000623893
20201130 오후 2:23,101,258,한미약품 제약업계 최초로 KICT 정보보호 대상 우수상 수상,한미약품이 제약바이오 업계 최초로 정보보호 분야 국내 최고 권위 시상인 K ICT 정보보호대상 에서 우수상을 받았다고 30일 밝혔다.올해 19회째를 맞은 K ICT 정보보호 대상은 과학기술정보통신부가 정보보호 인식제고 및 자율적 정보보호를 실천하는 기업과 개인에게 수여하는 상이다. 한미약품은 과학기술정보통신부 평가위원회로부터 3단계에 걸친 심사를 받은 결과 정보보호관리 정보보호기술의 우수성 침해사고 대응력 등을 높이 평가받았다고 강조했다. 최근 증가하고 있는 제약바이오기업 대상의 사이버 테러와 정보 유출 위협에 대비해 체계적이고 독자적인 정보보호 관리체계를 수립해 이행한 덕이다. 특히 한미약품은 정보보호를 위한 전담조직 정보보호위원회 을 운영하고 신약 정보 보호를 위한 자체적인 시스템을 개발·구축했다. 실제 정보보호위원회 공식 활동이 시작된 2년 전부터 현재까지 정보보호 위반사항이나 개인정보 유출사고 보안사고가 한 건도 발생하지 않았다고 회사 측은 강조했다. 한미약품은 이번 수상 외에도 2018년 국내 제약업계 최초로 정보보호경영시스템 국제표준 ISO27001 국제정보보호 관리체계 인증을 취득한 바 있다.우종수 한미약품 대표이사는 글로벌 수준의 정보보호 시스템을 구축해 지속가능한 경영 모델을 확고히 하고자 한 노력을 이번 시상을 통해 인정받게 됐다 며 R D를 포함한 다양한 비즈니스들의 성과가 높은 단계의 보안 시스템 아래 더욱 견고해질 수 있도록 최선을 다하겠다 고 말했다.,https://news.naver.com/main/read.nhn?mode=LS2D&mid=shm&sid1=101&sid2=258&oid=009&aid=0004706214
20201106 오후 3:55,101,261,“하루 한 캡슐”…한미약품 눈 피로 개선 ‘한미루테인맥스’ 출시,루테인·지아잔틴·아스타잔틴·비타민 등 함유한미루테인맥스 사진제공 한미약품  뉴스1 서울 뉴스1 성재준 바이오전문기자 한미약품이 하루 한알로 눈 피로개선 및 영양 공급이 가능한 건강기능식품을 출시했다.6일 한미약품은 눈 피로 개선과 영양 공급을 하루 한 캡슐로 해결할 수 있는 약국전용 건강기능식품 한미루테인맥스 를 출시했다고 밝혔다. 한미루테인맥스에는 체내 루테인과 지아잔틴의 혈중 농도와 동일한 16 4 비율로 혼합된 루테인지아잔틴복합추출물 과 눈 피로도 개선에 도움되는 아스타잔틴이 풍부하게 들어 있는 헤마토코쿠스 추출 성분이 함유됐다. 또한 유해 산소로부터 세포를 보호하는 비타민E와 생체막 조직 구조와 기능 조절에 필요한 비타민A 등도 함께 함유돼 종합적인 눈 건강 관리가 가능하다.한미루테인맥스의 핵심 성분인 루테인지아잔틴복합추출물과 헤마토코쿠스추출물은 100% 천연 식물성 원료를 화학용매를 사용하지 않는 방식의 초임계 공법으로 추출해 고순도의 성분을 안전하고 깨끗하게 섭취할 수 있다. 또한 하루 한 번 한 캡슐만 복용하면 된다. 또한 한미루테인맥스는 6캡슐씩 따로 보관 가능한 휴대용 약통이 함께 포함돼 언제 어디서나 복용이 편리하다. 이 제품은 건강기능식품으로 약국에서 손쉽게 구매할 수 있다.한미약품 관계자는 코로나19로 언택트 문화가 확산되면서 스마트폰 컴퓨터 등에 장시간 노출돼 눈 피로를 호소하는 사람들이 늘고 있다 며 한미루테인맥스는 눈 피로도 개선에 도움을 줄 수 있는 필수 영양성분을 균형감 있게 함유하면서도 복용 방법 또한 간편해 현대인들에게 안성맞춤인 제품 이라고 설명했다.,https://news.naver.com/main/read.nhn?mode=LS2D&mid=shm&sid1=101&sid2=261&oid=421&aid=0004975663
20201106 오후 1:59,101,261,한미약품 눈 피로 개선 건기식 한미루테인맥스 출시,눈 피로 개선과 영양 공급을 하루 한 캡슐로 해결 가능 서울 뉴시스 한미약품 눈 피로 개선 건기식 한미루테인맥스 사진 한미약품 제공 서울 뉴시스 송연주 기자 한미약품은 눈 피로 개선과 영양 공급을 하루 한 캡슐로 해결할 수 있는 약국전용 건강기능식품 ‘한미루테인맥스’를 출시했다고 6일 밝혔다.한미루테인맥스는 눈 건강과 눈의 피로도 개선에 도움을 주는 루테인과 지아잔틴 아스타잔틴 등 성분을 100% 천연 식물성 원료에서 추출해 제조한 프리미엄 건강기능식품이다. 이 제품에는 체내 루테인과 지아잔틴의 혈중 농도와 동일한 비율 16 4 로 혼합된 ‘루테인지아잔틴복합추출물’과 눈 피로도 개선에 도움을 줄 수 있는 아스타잔틴이 풍부하게 들어 있는 ‘헤마토코쿠스’에서 추출한 성분이 함유됐다. 이와 함께 유해 산소로부터 세포를 보호하는 비타민E와 생체막 조직 구조와 기능 조절에 필요한 비타민A 등도 함께 함유돼 눈 건강을 종합적으로 관리할 수 있다. 이 제품의 핵심 성분인 루테인지아잔틴복합추출물과 헤마토코쿠스추출물은 100% 천연 식물성 원료를 화학용매를 사용하지 않는 방식의 초임계 공법으로 추출해 고순도의 성분을 안전하고 깨끗하게 섭취할 수 있다. 한미약품 관계자는 “코로나19로 언택트 문화가 확산되면서 스마트폰 컴퓨터 등에 장시간 노출돼 눈 피로를 호소하는 사람들이 늘고 있다”며 “한미루테인맥스는 눈 피로도 개선에 도움을 줄 수 있는 필수 영양성분을 균형감 있게 함유하면서도 복용 방법 또한 간편해 현대인들에게 안성맞춤인 제품”이라고 말했다.,https://news.naver.com/main/read.nhn?mode=LS2D&mid=shm&sid1=101&sid2=261&oid=003&aid=0010171312
20201106 오후 1:23,101,261,한미약품 하루 한알… 눈 피로 건기식 한미루테인맥스 출시,한미약품이 눈 피로 개선과 영양 공급을 하루 한 캡슐로 해결할 수 있는 약국전용 건강기능식품 ‘한미루테인맥스’를 출시했다. 사진 한미약품한미약품이 약국전용 눈 피로 개선 영양제인‘한미루테인맥스’를 출시했다.6일 한미약품에 따르면 한미루테인맥스는 눈 건강과 눈의 피로도 개선에 도움을 주는 루테인과 지아잔틴 아스타잔틴 등 성분을 천연 식물성 원료에서 추출해 제조한 건강기능식품이다.한미루테인맥스는 체내 루테인과 지아잔틴의 혈중 농도와 동일한 비율 16 4 로 혼합된 ‘루테인지아잔틴복합추출물’과 눈 피로도 개선에 도움을 줄 수 있는 아스타잔틴이 들어 있는 ‘헤마토코쿠스’에서 추출한 성분이 함유됐다.유해 산소로부터 세포를 보호하는 비타민E와 생체막 조직 구조와 기능 조절에 필요한 비타민A 등도 함께 함유돼 눈 건강을 관리할 수 있다.핵심 성분인 루테인지아잔틴복합추출물과 헤마토코쿠스추출물은 100% 천연 식물성 원료를 화학용매를 사용하지 않는 방식의 초임계 공법으로 추출해 고순도의 성분을 섭취할 수 있다.이 제품은 하루 한 번 한 캡슐만 복용하도록 만들어졌다. 약국 영업 및 마케팅 유통 전문 기업을 통해 전국 약국 등에 유통된다.한미약품 관계자는 “코로나19로 언택트 문화가 확산되면서 스마트폰 컴퓨터 등에 장시간 노출돼 눈 피로를 호소하는 사람들이 늘고 있다”며 “한미루테인맥스는 눈 피로도 개선에 도움을 줄 수 있는 필수 영양성분을 균형감 있게 함유하면서도 복용 방법 또한 간편해 현대인들에게 안성맞춤인 제품”이라고 설명했다.,https://news.naver.com/main/read.nhn?mode=LS2D&mid=shm&sid1=101&sid2=261&oid=417&aid=0000615498
20201113 오후 1:28,101,261,한미약품 미국간학회서 ‘HM15211’ 연구 결과 3건 발표…NASH 치료 효과 확인,오베티콜산 대비 항섬유화 효능 우수 한미약품은 비알콜올성지방간염 NASH 치료제로 개발 중인 랩스트리플어고니스트 LAPSTriple Agonist HM15211 에 대한 연구 결과 3건을 미국간학회 AASLD 에서 발표했다고 13일 밝혔다.HM15211은 글루카곤과 GLP 1 GIP 수용체를 동시에 활성화하는 삼중 작용 바이오신약 후보물질이다. 글루카곤은 체내 에너지 대사량을 증가시키고 GLP 1은 인슐린 분비 및 식욕 업제를 돕는다. GIP 수용체는 항염증 및 인슐린을 분비한다.회사는 다양한 동물모델 조직 분석을 통해 HM15211이 간 내 지방 간염증 및 간섬유화가 복합적으로 작용하는 비알콜성지방간염에 치료 효과가 있음을 확인했다. 고지방 식이 및 화학요법 등으로 유도된 간염증 및 간섬유증 모델에서는 염증성 사이토카인 발현이 감소됐다.조직학적 염증 및 섬유화 개선 효과도 있었다. 담즙정체성 담관염 및 간섬유화 유도 모델에서도 직접적인 간섬유화 개선 효능 및 관련 기전을 확인했다.3건의 포스터 발표에 포함된 모든 모델에서 경쟁약물인 ‘FXR agonist 성분명 오베티콜산 ’ 대비해 우수한 항섬유화 효능도 확인했다.한미약품은 HM15211을 치료제가 없는 NASH 분야에서 세계 최초 First in class 신약으로 빠르게 개발하겠다는 계획이다. 권세창 한미약품 사장은 “미국과 유럽의 최대 규모 학회에서 간 전문가들로부터 주목을 받고 있다”며 “조속한 상용화를 위해 최선을 다하겠다”고 말했다. 미국간학회 AASLD 는 현지시간 13일부터 16일까지 개최된다.,https://news.naver.com/main/read.nhn?mode=LS2D&mid=shm&sid1=101&sid2=261&oid=015&aid=0004449290
20201113 오후 1:34,101,261,한미약품 NASH 혁신신약 미국간학회서 주목,미국간학회 AASLD 개최 일정을 알리는 홈페이지. 한미약품 제공 파이낸셜뉴스 한미약품은 세계 최초 First in class 비알코올성지방간염 NASH 치료제로 개발중인 랩스트리플 아고니스트 LAPSTriple Agonist 의 연구 결과 3건을 간질환 분야 세계 최대 학회인 미국간학회 AASLD 에서 발표했다. 한미약품은 지난 8월 유럽 간 전문가들이 참석하는 유럽간학회 EASL 국제간학술대회 ILC 에서도 랩스트리플 아고니스트의 임상 및 전임상 데이터를 발표한 바 있다. 랩스트리플 아고니스트는 체내 에너지 대사량을 증가시키는 글루카곤과 인슐린 분비 및 식욕억제를 돕는 GLP 1 인슐린 분비 및 항염증 작용을 하는 GIP수용체들을 동시에 활성화하는 삼중작용 바이오신약 후보물질이다. 한미약품은 다양한 동물모델 조직분석을 통해 랩스트리플 아고니스트가 간 내 지방 간염증 및 간섬유화가 복합적으로 작용하는 NASH에 치료효과가 있음을 이번 미국간학회에서 발표했다. 고지방 식이 및 화학요법 등으로 유도된 간염증 및 간섬유증 모델에서 염증성 사이토카인 발현 감소와 더불어 조직학적 염증 및 섬유화 개선 효과를 확인했다. 담즙정체성 담관염 및 간섬유화 유도 모델에서도 직접적인 간섬유화 개선 효능 및 관련 기전을 확인했다. 또 3건의 포스터 발표에 포함된 모든 모델에서 경쟁약물인 FXR아고니스트 성분명 오베티콜산 대비 우수한 항섬유화 효능도 확인했다. 한미약품은 지난 8월 유럽간학회 EASL 에서도 지방간 환자에서 랩스트리플 아고니스트의 명확한 개선 효과를입증한 만큼 현재 치료제가 없는 NASH 분야에서 First in class NASH 치료제로 개발을 가속화한다는 계획이다. 랩스트리플 아고니스트는 지난 7월 미국 FDA로부터 신속 개발 필요성을 인정받아 패스트트랙으로 지정됐다. 현재 생검 biopsy 으로 질환이 확인된 NASH 환자들을 대상으로 치료효능 유효성을 확인하기 위한 임상 2상을 미국에서 진행중이다. 뿐만 아니라 지난 3월엔 FDA로부터 희귀질환인 원발담즙성담관염 PSC 과 원발경화성담관염 PBC 치료를 위한 희귀의약품으로 지정되기도 했다. 한미약품 권세창 사장은 삼중작용 치료제인 랩스트리플 아고니스트는 다양한 NASH 증상을 동시에 타깃하는 혁신적 신약 이라며 미국과 유럽의 글로벌 최대 규모 학회에서 간 전문가들의 주목을 받고 있는 만큼 조속한 상용화를 위해 최선을 다하겠다 고 말했다. 한미약품은 랩스트리플 아고니스트 뿐 아니라 지난 8월 미국 MSD에 라이선스 아웃한 랩스GLP 글루카곤 에피노페그듀타이드 도 NASH 치료제로 개발중이다.현재 미국 내 NASH 환자는 약 8000만명으로 추정되며 전 세계 치료제 시장 규모는 60조원으로 알려져 있다.,https://news.naver.com/main/read.nhn?mode=LS2D&mid=shm&sid1=101&sid2=261&oid=014&aid=0004528338
20201113 오후 12:19,101,261,한미약품 비알코올성 지방간염 치료제 동물실험서 효능 확인,이달 미국 간학회서 연구 결과 포스터 발표한미약품은 비알코올성 지방간염 NASH 치료제로 개발 중인 랩스 트리플 아고니스트 LAPS Triple Agonist 의 효과를 동물실험에서 확인했다고 13일 밝혔다. ⓒ한미약품한미약품은 비알코올성 지방간염 NASH 치료제로 개발 중인 랩스 트리플 아고니스트 LAPS Triple Agonist 의 효과를 동물실험에서 확인했다고 13일 밝혔다.한미약품은 이 같은 연구 결과 3건을 이달 13일부터 16일까지 열리는 미국 간학회 AASLD 에서 포스터 발표했다.랩스 트리플 아고니스트는 체내 에너지 대사량을 증가시키는 글루카곤 인슐린분비와 식욕 억제를 돕는 글루카곤 유사 펩타이드 1 GLP 1 항염증 작용을 하는 포도당 의존성 인슐린분비 자극 펩타이드 GIP 수용체를 동시에 활성화하는 삼중작용 신약 후보물질이다.한미약품에 따르면 이 물질은 고지방 식이요법과 화학요법으로 유도된 간염증·간섬유증 동물모델에서 염증성 사이토카인 발현 감소와 조직학적 질환 개선 효과를 냈다. 담즙정체성 담관염과 간섬유화가 유도된 모델에서도 직접적인 간섬유화 개선 효능을 보였다는 설명이다.한미약품은 3건의 포스터 발표에 포함된 모든 모델에서 경쟁 약물인 FXR 아고니스트 성분명 오베티콜산 보다 우수한 항섬유화 효능을 확인했다고 밝혔다.한미약품은 지난 8월 유럽 간 전문가들이 참석하는 유럽 간학회 EASL 국제간학술대회 ILC 에서도 이 물질의 임상과 전임상 데이터를 발표했다.앞서 랩스 트리플 아고니스트는 지난 7월 미국 식품의약국 FDA 으로부터 신속 개발 필요성을 인정받아 패스트트랙으로 지정됐다. 현재 생체검사에서 질환이 확인된 NASH 환자들을 대상으로 유효성을 확인하기 위한 미국 임상 2상이 진행 중이다.,https://news.naver.com/main/read.nhn?mode=LS2D&mid=shm&sid1=101&sid2=261&oid=119&aid=0002443205
20201117 오후 5:37,101,261,한미약품 루테인맥스 하루 한알로 영양공급...눈 건강 지킴이환절기 건강관리,서울경제 코로나19 유행과 미세먼지 때문에 실내에서 스마트폰·컴퓨터 등을 장시간 사용 눈의 피로를 호소하는 이들이 늘고 있다.한미약품 128940 이 최근 출시한 약국용 건강기능식품 ‘한미 루테인맥스’는 하루 한 캡슐로 눈의 피로 회복과 영양 공급을 도와준다. 눈 건강에 도움을 주는 루테인과 지아잔틴·아스타잔틴 등 성분을 100% 천연 식물성 원료에서 화학 용매를 사용하지 않고 추출해 만든 프리미엄 제품이다. 유해산소로부터 세포를 보호하는 비타민E와 생체막조직 구조와 기능 조절에 필요한 비타민A 등도 함유해 눈 건강을 종합적으로 관리할 수 있다. 노인 실명의 주요 원인인 황반변성 예방에도 도움이 된다.하루 1회 1캡슐을 복용하며 한 박스에 1개월 복용량 30캡슐 이 들어 있다. 6캡슐이 들어가는 휴대용 약통이 있어 언제 어디서나 편리하게 복용할 수 있다.황반변성은 눈의 망막에서 시세포가 몰려 있고 사물의 초점이 맺히는 황반부에 이상이 생겨 글자·직선 등이 물결치듯 휘어져 보인다. 진행되면 심한 시력저하는 물론 중심 영역이 보이지 않아 상대방의 얼굴 등을 인식하지 못하게 된다. 65세 이상 노인의 실명을 초래하는 가장 흔한 원인이다.처음에는 황반부 아래층 맥락막 에 있는 혈관 등이 노화돼 시세포에 산소·영양분을 제대로 전달하지 못해 시세포 위축이 서서히 진행된다. 결국 정상적인 혈관 벽 구조를 갖추지 못한 신생혈관들이 마구 생겨나 황반부가 우글쭈글해지거나 신생혈관이 자꾸 터지면 만성적인 염증·부종→시세포 파괴→심각한 중심시력 저하를 초래할 수 있다. 지난해 황반변성으로 건강보험 진료인원은 36만여명으로 2015년보다 90% 증가했다.,https://news.naver.com/main/read.nhn?mode=LS2D&mid=shm&sid1=101&sid2=261&oid=011&aid=0003827585
20201117 오전 8:13,101,261,롯데멤버스 한미약품그룹 계열사 온라인팜과 업무협약,서울 연합뉴스 전형식 롯데멤버스 대표이사 오른쪽 가 지난 16일 우기석 온라인팜 대표이사와 상호 협력관계 구축 및 동반성장을 위한 업무협약을 체결한 후 기념 촬영하고 있다. 온라인팜은 한미사이언스 계열 의약품 및 헬스케어 제품 전문 유통기업이다.,https://news.naver.com/main/read.nhn?mode=LS2D&mid=shm&sid1=101&sid2=261&oid=001&aid=0012018739
20201118 오전 9:25,101,261,키움證 “내년 제약·바이오 최선호주 한미약품 롤론티스 허가 예상”,2021년 제약·바이오 산업 전망키움증권은 18일 내년도 제약·바이오 산업에 대해 상반기에는 주요 학회 참여 기업이나 기술이전 기대감이 높은 기업들이 관심을 받을 것으로 판단했다. 하반기에는 신약 마케팅에 우호적인 환경이 조성되는 데다 신규 상장 기업들이 다수 있다는 점에서 긍정적일 것으로 예상했다. 허혜민 연구원은 “내년 제약·바이오 산업은 학회와 데이터 신종 코로나바이러스 감염증 코로나19 관련 일정 기술이전과 같은 동력 모멘텀 신규 상장 종목 등 ‘챙겨 볼거리’가 많다”고 말했다. 상반기에는 코로나19의 백신과 치료제의 데이터 발표 및 승인으로 코로나19에 대한 대응력이 강화될 것으로 봤다. 허 연구원은 “연말부터 화이자와 바이오앤텍 모더나의 백신 초기 공급이 가능할 것으로 예상된다”며 “아스트라제네카와 노바백스의 백신도 임상에 성공하면 승인 및 초기 공급이 가능할 것”이라고 했다. 이어 “미국 식품의약국 FDA 은 가능하면 신속하게 긴급사용승인 EUA 을 내주려 하는 것으로 보여 개발사들에게는 우호적인 상황”이라고 덧붙였다.코로나19 치료제와 백신의 승인 및 출시로 기대감이 선 先 반영된 기업보다는 주요 학회 참여 기업이나 기술 이전 기대감이 높은 기업들이 관심을 받을 것이라고 판단했다. 그는 “최근 5년간 코스닥 제약 지수를 보면 주로 학회에 참여한 개별 기업들이 상승해 내년에도 유사 패턴이 이어질 것으로 예상한다”고 했다. 허 연구원은 “1월 JP모건 헬스케어 컨퍼런스를 시작으로 4월 미국암학회 AACR 6월 미국임상종양학회 ASCO 와 바이오 USA 등 상반기에 주요 학회들이 열린다”며 “JP모건 컨퍼런스에서는 오스코텍과 나이벡이 참가해 데이터 발표를 목표로 하고 있다”고 말했다. 내년에는 지난해와 올해 물질이전계약 MTA 을 맺은 기업들이 순차적으로 기술이전에 성공할 수 있을 것으로 내다봤다. 내년 기술이전 가능성이 있는 기업들로는 레고켐바이오 올릭스 알테오젠 큐리언트 나이벡 압타바이오 등을 꼽았다.특히 내년 신약 승인이 예상되는 짧은간섭 리보핵산 siRNA 만성질환치료제 ‘인클리시란’이 게임체인저가 될 것으로 예상했다. 허 연구원은 인클리시란의 국내 수혜주로 올리고뉴클레오타이드 원료를 생산하는 에스티팜을 제시했다. 하반기에는 해외에 직간접적으로 진출한 국내 기업들의 해외 침투 속도를 확인할 수 있을 것이라고 판단했다. 허 연구원은 “상반기에 코로나19 치료제와 백신이 공급되면 하반기에는 상대적으로 신약 마케팅을 펼치기에 수월한 환경이 될 것”이라며 “SK바이오팜의 엑스코프리와 셀트리온헬스케어의 바이오베터 램시마SC CMG제약의 데핍조 등이 하반기부터 본격적인 시장 침투 및 마케팅 전략을 펼칠 수 있을 것으로 예상한다”고 말했다. 또 “기술이전에 대한 경상기술사용료 로열티 를 확인할 수 있는 것도 내년”이라며 “내년 상반기 한미약품이 아테넥스와 스펙트럼에 기술이전 한 오락솔과 롤론티스의 미국 내 허가가 예상돼 하반기에는 매출 로열티 유입이 기대된다”고 했다. 신규 종목들의 상장이 다수 있다는 점도 긍정적일 것으로 예상했다. 허 연구원은 “내년에는 SK바이오사이언스 네오이뮨텍 제넥신 바이젠셀 보령제약 제노스코 오스코텍 콘테라파마 부광약품 지아이이노베이션 HK이노엔 전 CJ헬스케어 등 중대어 규모의 기업이 상장할 예정”이라며 “올해 여러 신규 기업 상장 종목 등에서 학습했던 것과 같이 낮은 공모가 부담이 적은 시가총액과 모멘텀 보유 기업들의 흥행이 예상된다”고 했다.허 연구원은 업종 내 최선호주로 한미약품을 제시했다.,https://news.naver.com/main/read.nhn?mode=LS2D&mid=shm&sid1=101&sid2=261&oid=015&aid=0004451647
20201120 오후 6:26,101,261,한미약품 짜먹는 어린이용 해열제 ‘맥시부키즈’ 출시,휴대∙복용 편리한 스틱형…외출 및 응급시에도 간편하게국내 최초 유·소아 대상 임상3상 진행 뉴스1 서울 뉴스1 성재준 바이오전문기자 한미약품은 최근 유·소아 전용 해열제 맥시부펜시럽 의 리뉴얼 스틱형 제품인 맥시부키즈시럽 을 출시했다고 20일 밝혔다. 기존 병타입에서 짜먹는 제형으로 바꿔 휴대·복용 편의성을 더욱 높인 게 특징이다. 한미약품 관계자는 맥시부펜시럽은 아이를 키우는 가정의 상비약이 될 정도로 빠른 효과와 안전성이 입증된 제품이다 며 병 타입의 맥시부펜시럽은 가정 상비용으로 맥시부키즈시럽은 외출 또는 응급시 유용하게 쓰일 수 있을 것으로 기대된다 고 말했다.맥시부키즈시럽은 열을 낮추는 성분인 이부프로펜의 활성 성분만을 분리한 덱시부프로펜 이 주성분이다. 국내 최초 유·소아 대상 임상3상을 통해 약효와 안전성을 입증했다. 덱시부프로펜은 이부프로펜보다 적은 용량으로 동등한 효과를 나타내며 활성 성분만을 분리한 만큼 안전성을 높였다는 게 한미약품의 설명이다. 맥시부키즈시럽은 포도맛으로 아이들이 1회 1포 6mL 스틱형 씩 그대로 짜서 먹을 수 있어 외출 또는 응급시 신속하고 간편한 복용이 가능하다.일반의약품인 맥시부키즈시럽은 한미사이언스 계열사인 약국 전문 영업 마케팅 회사인 온라인팜을 통해 전국 약국에 공급된다.,https://news.naver.com/main/read.nhn?mode=LS2D&mid=shm&sid1=101&sid2=261&oid=421&aid=0005003164
20201120 오후 5:16,101,261,한미약품 먹고 바르는 치질약 치쏙 시리즈로 치질 종합관리,치쏙정 디오스민 성분 기존약 대비 약 2배바르는 치쏙크림 1회용 주입기 사용으로 위생적 뉴스1 서울 뉴스1 성재준 바이오전문기자 한미약품이 치질치료제 라인업을 강화했다고 20일 밝혔다. 간편하게 복용하는 경구용 치질약 ‘치쏙정 디오스민600mg ’과 병용이 가능한 바르는 일회용 치질약 ‘치쏙크림’이 구성 제품이다. 치쏙정의 성분은 디오스민 600밀리그램 mg 으로 기존 디오스민 성분의 치질 치료제 대비 성분량이 2배정도 많다. 디오스민은 약해진 혈관벽을 강화하고 혈관기능을 회복시키며 염증 반응을 억제해 통증 및 부기를 줄이는 효과가 있어 다양한 혈관질환 치료에 사용된다는 게 한미약품의 설명이다. 아울러 치질뿐만 아니라 정맥부전으로 인한 다리 통증과 부종 등의 개선에도 도움이 된다.바르는 치질약 치쏙크림은 1회용 주입기에 담겨있어 위생적으로 사용할 수 있는 것이 특징이다. 주입기 너비가 현재 시판중인 치질 치료 크림 중 가장 좁은 6밀리미터 mm 로 약물을 도포하거나 항문 삽입 시 거부감이 적다는 장점이 있다.한미약품 관계자는 “치질은 만성질환으로 꾸준한 관리가 중요한데 치쏙정은 언제 어디서든 간편하게 복용할 수 있어 지속적인 치료에 도움이 된다”며 “경구용 치쏙정과 치쏙크림을 함께 사용하면 효과적인 치질 치료를 기대할 수 있다”고 말했다. 한편 치쏙정은 치질 치료시 1일 1정씩 2 3회 정맥부전 증상 완화를 위해서는 1일 1회 1정을 복용하면 된다. 한미사이언스 계열사 온라인팜을 통해 전국 약국에 유통되는 일반의약품으로 소비자가 약국에서 처방전 없이 직접 구입할 수 있다.,https://news.naver.com/main/read.nhn?mode=LS2D&mid=shm&sid1=101&sid2=261&oid=421&aid=0005003048
20201120 오후 3:55,101,261,“아연과 비타민의 만남”…한미약품 제텐씨 리뉴얼 출시,2개월분 60정 포장…전국 약국서 구입 가능 뉴스1 서울 뉴스1 성재준 바이오전문기자 한미약품은 활력 종합비타민 영양제 제텐 씨 를 리뉴얼해 출시했다고 20일 밝혔다. 기존 120정으로 포장돼 있던 제품을 복용 주기 등을 고려해 2개월분 60정 으로 바꿔 기존 제품 대비 가격경쟁력을 키운 게 특징이다. 제텐 씨는 쉽게 피로감과 체력저하를 느끼는 현대인에게 필요한 각종 비타민은 물론 면역력 강화에 도움을 주는 아연 22.5밀리그램 mg 과 비타민C 750mg을 함유했다는 게 한미약품의 설명이다. 아연은 세포 증식과 면역 기능 조절에 필수적인 성분이다. 면역력 증강뿐 아니라 항산화 노화방지 및 전립선 기능 강화에도 도움을 주는 것으로 알려져 있다. 제텐 씨는 하루 한알 복용으로 결핍되기 쉬운 비타민 B1 B2 B6 E 보충이 가능하며 아연과 비타민C의 성인 기준 일일 섭취 권장량을 충분히 채울 수 있다. 일반의약품으로서 전국 약국에서 처방전 없이 구입이 가능하다.한미약품 관계자는 제텐 씨는 아연 비타민B1 C E 등 필수 영양성분을 균형있게 함유한 종합 활력 영양제 라며 감염병 유행 및 일교차 등으로 면역력이 쉽게 떨어지는 시기에 현대인들의 건강 지킴 영양제로 안성맞춤 이라고 설명했다.,https://news.naver.com/main/read.nhn?mode=LS2D&mid=shm&sid1=101&sid2=261&oid=421&aid=0005002836
20201120 오전 11:30,101,261,한미약품 4가지 성분 결합 ‘4제 복합신약’ 내놨다,4제 복합신약 아모잘탄엑스큐 식약처 허가 서울경제 한미약품 128940 이 고혈압 치료제 성분 2가지와 이상지질혈증치료제 성분 2가지를 결합한 4제 복합신약을 선보였다. 20일 한미약품은 “2009년 2가지 성분의 고혈압 치료제를 결합한 ‘아모잘탄’을 시작으로 3가지 성분 결합에 이어 4가지 성분의 복합 신약 ‘아모잘탄엑스큐’를 식품의약품 안전처로부터 허가 받았다”고 밝혔다. 두 가지 이상의 성분을 결합해 제조하는 복합제는 환자들이 복용해야 하는 약물 숫자를 줄여 편의성을 높이고 치료 효과를 극대화 한다. 또한 단일제 여러 개를 복용하는 것보다 건강보험 재정 절감에도 기여할 수 있는 장점이 있다. 한미약품 측은 “각 성분 간 상호작용을 최소화 해 안정성을 확보하면서도 약물 크기를 작게 만드는 등 독자적이고 창의적인 제제 기술을 십 수년 간 축적해 왔다”며 “각 성분마다 체내에서 흡수 또는 약효를 발현하는 기전이 다르기 때문에 이를 한 알의 정제 또는 캡슐에 담기 위해서는 최적의 혁신 제제 기술이 적용돼야 한다”고 설명했다. 실제로 평균수명이 길어지고 고령화 추세가 이어지면서 여러 개의 치료 성분을 한 알에 결합하는 ‘복합 신약’은 새로운 의약품 시장을 창출하고 있다. 한미약품이 개발한 복합신약 ‘아모잘탄’과 ‘로수젯’은 세계 주요 국가로 수출되고 있는데 이 중 이상지질혈증 치료 성분 2가지를 결합한 ‘로수젯’은 올 한 해 1 000억 원 대의 매출이 예상된다. 우종수 한미약품 사장은 “4제 복합신약 허가는 아모잘탄패밀리 라인업 확장이란 의미와 함께 한국 제제기술 경쟁력을 세계에 알리는 계기가 될 것”이라며 “복합신약 성공이 혁신신약 개발로 이어지는 ‘지속가능한 경영’을 위해 최선을 다하겠다”고 말했다.,https://news.naver.com/main/read.nhn?mode=LS2D&mid=shm&sid1=101&sid2=261&oid=011&aid=0003829195
20201120 오전 10:49,101,261,한미약품 고혈압 치료성분 결합한 복합신약 식약처 허가,한미약품의 아모잘탄엑스큐는 고혈압 치료 성분인 암로디핀·로사르탄 이상지질혈증 치료 성분인 로수바스타틴·에제티미브를 주성분으로 한다. 사진제공 한미약품한미약품은 최근 식품의약품안전처로부터 고혈압 치료성분 2개와 이상지질혈증 치료 성분 2개를 결합한 4제 복합신약 ‘아모잘탄엑스큐’를 허가받았다고 20일 밝혔다.아모잘탄엑스큐는 고혈압 치료 성분인 암로디핀·로사르탄 이상지질혈증 치료 성분인 로수바스타틴·에제티미브를 주성분으로 한다. 기존 3제 복합제 ‘아모잘탄큐’ 암로디핀·로사르탄· 로수바스타틴 에 에제티미브라는 이상지질혈증 치료 성분을 추가했다.한미약품 관계자는 “최근 고혈압과 이상지질혈증 복합 치료제가 고혈압제시장에서 두드러진 성장을 보인다”며 “나쁜 콜레스테롤로 분류되는 LDL을 낮추기 위해 이상지질혈증 치료제를 추가하는 사례가 많다”고 설명했다.한미약품은 성분간의 상호작용을 최소화해 안정성을 확보하면서 약물 크기를 작게 만들었다. 각 성분마다 체내에서 흡수 약효를 발현하는 기전이 달라 한알의 정제나 캡슐에 담기 위해 최적의 혁신 제제기술이 적용돼야 한다.우종수 한미약품 사장은 “2009년 고혈압치료 복합신약 아모잘탄을 출시해 제약산업에 복합신약시대를 활짝 열었고 이제 4가지 성분을 결합한 4제 복합신약 허가를 받아 글로벌 경쟁력을 입증했다”고 말했다. 한미약품은 내년 2월 제품 출시를 목표로 하고 있다.,https://news.naver.com/main/read.nhn?mode=LS2D&mid=shm&sid1=101&sid2=261&oid=417&aid=0000621466
20201120 오전 10:51,101,261,한미약품 “4제 복합신약 ‘아모잘탄엑스큐’ 승인…혁신 제제기술 덕”,폴리캡과 다층코팅 등 자체 제제 기술한미약품은 4가지 성분을 복합한 아모잘탄엑스큐의 식품의약품안전처 승인은 혁신적인 제제기술 덕분이라고 20일 밝혔다. 아모잘탄엑스큐는 고혈압치료 성분 2가지와 이상지질혈증치료 성분 2가지를 결합한 4제 복합신약이다. 최근 식약처로부터 6개 용량에 대해 허가받았다. 한미약품은 그동안 각 성분간의 상호작용을 최소화해 안전성을 확보하면서도 약물 크기를 작게 만드는 독자적인 제제기술을 확보해왔다. 회사에 따르면 의약품은 각 성분마다 체내에서 흡수되거나 약효를 발현하는 기전이 다르기 때문에 결합이 쉽지 않다. 여러 성분을 한 알의 정제 또는 캡슐에 담기 위해서는 최적의 제제기술이 적용돼야 한다는 것이다. 한미약품의 대표적인 제제기술로는 ‘폴리캡’과 ‘다층코팅’이 있다. 폴리캡은 하나의 캡슐에 2종 이상의 성분을 분리된 제형으로 담아내는 기술이다. 다층코팅은 의약품 겉면을 여러 겹으로 코팅해 각 약물의 안정성을 확보하고 방출 시간을 조절한다.폴리캡 기술이 적용된 복합신약으로는 라본디와 몬테리진 등이 있다. 라본디는 골다공증 치료 성분과 비타민D를 합쳤다. 몬테리진은 천식 동반 알레르기 비염 치료를 위한 복합제다.로수젯은 이상지지혈증 치료 성분 2가지를 결합했다. 회사에 따르면 로수젯 매출은 올해 3분기 누적 727억원을 기록했다. 개발 및 허가를 담당하는 김나영 한미약품 상무는 “복합제는 환자들이 복용해야하는 약물 숫자를 줄여 편의성을 높이고 치료 효과를 극대화한다”며 “여러 단일제를 복용하는 것보다 건강보험 재정 절감에도 기여할 수 있다”고 말했다.,https://news.naver.com/main/read.nhn?mode=LS2D&mid=shm&sid1=101&sid2=261&oid=015&aid=0004453178
20201120 오전 10:20,101,261,한미약품 세계 최초 고혈압·이상지질혈증 4제 복합제 허가,고혈압 치료 성분 2가지 이상지질혈증 성분 2가지 조합 “한미약품만의 창의적 기술 경쟁력 입증” 서울 뉴시스 송연주 기자 한미약품이 고혈압과 이상지질혈증 치료 복합제 중 세계 최초로 4개 성분을 한알에 담았다. 한미약품은 최근 식품의약품안전처에서 고혈압 치료 성분 2가지와 이상지질혈증 치료 성분 2가지를 결합한 4제 복합신약 ‘아모잘탄엑스큐’를 허가받았다고 20일 밝혔다. 아모잘탄엑스큐는 고혈압 치료 성분인 암로디핀·로사르탄 이상지질혈증 치료 성분인 로수바스타틴·에제티미브를 주성분으로 한다. 기존 3제 복합제 ‘아모잘탄큐’ 암로디핀·로사르탄· 로수바스타틴 에 에제티미브라는 이상지질혈증 치료 성분을 추가했다. 한미약품 관계자는 “최근 고혈압과 이상지질혈증 복합 치료제는 고혈압제 시장에서 가장 두드러진 성장을 보인다”며 “나쁜 콜레스테롤로 분류되는 LDL을 낮추기 위해 이상지질혈증 치료제를 더 추가하는 사례가 많아 복약순응도와 편의성을 높이고자 개발했다”고 설명했다. 의약품의 성분 결합은 단순하지 않다. 한미약품은 각 성분 간의 상호작용을 최소화해 안정성을 확보하면서도 약물 크기를 작게 만들었다. 각 성분마다 체내에서 흡수 또는 약효를 발현하는 기전이 달라 한 알의 정제 또는 캡슐에 담기 위해서는 최적의 혁신 제제기술이 적용돼야 한다.한미약품 우종수 사장은 “2009년 고혈압치료 복합신약 ‘아모잘탄’을 출시하며 한국 제약산업에 ‘복합신약’ 시대를 활짝 열었고 이제 4가지 성분을 결합한 4제 복합신약 허가를 받으면서 글로벌 경쟁력을 다시 한번 입증했다”고 말했다. 한미약품은 내년 2월 제품 출시를 목표로 하고 있다.,https://news.naver.com/main/read.nhn?mode=LS2D&mid=shm&sid1=101&sid2=261&oid=003&aid=0010196703
20201120 오전 10:12,101,261,한미약품 고혈압·고지혈증 치료 4제 복합제 아모잘탄 엑스큐 韓허가 받아내,사진 제공 한미약품 한미약품은 최근 식품의약품안전처로부터 고혈압 치료 성분 2가지와 고지혈증 치료 성분 2가지를 결합한 4제복합제 아모잘탄 엑스큐 를 허가 받았다고 20일 밝혔다. 우종수 한미약품 사장은 지난 2009년 고혈압 치료 복합제 아모잘탄 을 출시하며 한국 제약산업에 복합신약 시대를 활짝 열었고 이제 4가지 성분을 결합한 4제 복합신약 허가를 받으면서 글로벌 경쟁력을 다시 한번 입증했다 고 강조했다. 의약품 성분결합은 단순하지 않다고 한미약품은 강조했다. 각 성분 간의 상호작용을 최소화해 안정성을 확보하면서도 약물 크기를 작게 만드는 등의 제제 기술이 필요해서다. 특히 각 성분마다 체내에서 흡수돼 약효를 발현하는 메커니즘이 다르기에 이를 한 알의 정제나 캡슐에 담기 위해서는 혁신적 제제기술이 적용돼야 한다. 김나영 한미약품 개할·허가 담당 상무는 두 가지 이상 성분을 결합해 제조하는 복합제는 환자들이 복용해야 하는 약물 숫자를 줄여 편의성을 높이고 치료 효과를 극대화하며 단일제 여러 개를 복용하는 것보다 건강보험 재정 절감에도 기여할 수 있다 면서 한미약품은 십수년간 축적해 온 독창적 제제기술을 토대로 다양한 복합신약을 선보이며 의약품 시장의 트렌드를 주도하고 있다 고 말했다.인류의 평균 수명이 길어지고 고령화 추세가 가속화되면서 여러 개의 치료 성분을 한 알에 결합하는 복합신약은 새로운 의약품 시장이 커질 것으로 전망되고 있다. 실제 한미약품이 개발한 복합신약 아모잘탄 과 로수젯 은 미국 MSD를 통해 세계 주요 국가에 수출되고 있다.고지혈증 치료 성분 2가지를 결합한 한미약품의 로수젯 은 올해 3분기까지 727억원의 매출 유비스트 기준 을 달성해 올 한 해 1000억원대 매출이 예상된다.한미약품은 복합제를 만들기 위한 다양한 제제기술을 보유하고 있다. 하나의 캡슐에 2종 이상 성분을 분리된 제형으로 담아내는 폴리캡 기술 의약품 겉면을 여러 겹으로 코팅해 각 약물의 안정성을 확보하고 방출 시간을 조절하는 다층코팅 등이 그것이다. 폴리캡 기술이 적용된 복합신약으로는 골다공증 치료 성분과 비타민D를 합친 라본디 천식동반 알레르기 비염 치료 복합제 몬테리진 등이 있다. 이들 제품 모두 연매출 100억원 대에 이르는 대형 품목으로 성장했다. 다층코팅 기술이 적용된 진통소염제 낙소졸 은 정제 겉면을 6겹으로 코팅해 약이 위를 지날 때는 위 보호성분이 배출되고 장을 지날 때는 진통성분이 나오게 설계됐다.한미약품의 독보적 제제기술은 혁신신약 개발로도 이어지고 있다 .바이오의약품의 약효 지속시간을 늘려주는 한미 고유 플랫폼 기술 랩스커버리 는 한미약품 혁신신약 개발의 중심에 있는 핵심 기술이다.주사용 항암제를 경구용으로 변환할 수 있는 한미의 독자 플랫폼 기술 오라스커버리 가 적용된 오락솔은 미국 아테넥스사에 기술수출돼 현재 임상을 끝내고미국 시판허가 절차를 밟고 있다. 한미약품은 면역항암 효과와 표적항암 효과를 동시에 이끌어내는 플랫폼 기술 팬텀바디 도 보유하고 있다.우종수 사장은 4제 복합신약 허가는 아모잘탄패밀리 라인업 확장이란 의미와 함께 한국 제제기술 경쟁력을 세계에 알리는 계기가 될 것 이라며 복합신약 성공이 혁신신약 개발로 이어지는 지속가능한 경영 을 위해 최선을 다하겠다 고 말했다.,https://news.naver.com/main/read.nhn?mode=LS2D&mid=shm&sid1=101&sid2=261&oid=009&aid=0004699738
20201123 오후 5:57,101,261,한미약품 감기약 매출 전월 대비 27% 증가… 약국 마케팅 강화 나서,한미약품이 겨울철 필수 상비약 4총사의 약국 마케팅을 강화하고 있다. 사진 한미약품한미약품이 겨울철 필수 상비약 4총사의 약국 마케팅을 강화하고 있다. 겨울철 큰 일교차와 미세먼지 등으로 개인 건강 및 위생에 대한 관심이 폭증하는 상황에서 이들 제품을 찾는 소비자들이 크게 늘고 있기 때문이다.23일 한미약품에 따르면 목과 코에 직접 분사하는 방식의 4개 제품들의 약국 매출이 자사 집계 기준으로 전월 대비 평균 26.9% 증가했다. 최근 악화된 미세먼지 급격한 환절기 기온변화 등으로 이들 제품을 찾는 소비자들이 늘고 있기 때문이라고 회사측은 설명했다.4개 제품은 목 염증 및 부종 구내염 등 치료에 사용하는 목앤·목앤파워스프레이 코막힘을 완화해주는 코앤쿨나잘스프레이 촉촉한 비강 내 환경을 유지시켜 주는 코앤나잘스프레이 이다.먼저 목앤스프레이는 염증∙통증에 효과적인 수용성아줄렌 성분과 항균 작용을 하는 CPC 세틸피리디늄염화물수화물 성분을 혼합한 구내염 치료제로서 목의 염증으로 인한 통증 완화에 도움을 주며 목의 부종과 구내염 및 쉰 목소리 완화에도 효과적이다.목앤파워스프레이 이하 목앤파워 의 주성분은 소염진통제인 플루르비프로펜으로 목에 직접 분사하여 인후염으로 인한 통증 등의 여러 증상을 빠르게 치료할 수 있다.코앤쿨나잘스프레이의 주성분은 자일로메타졸린염산염과 클로르페니라민말레산염으로 자일로메타졸린염산염은 콧속 점막 혈관을 수축시키고 혈류를 감소시켜 코막힘을 완화시키며 클로르페니라민말레산염 성분은 알레르기 반응을 억제한다.코앤스프레이는 함수성이 높은 생체성분 히알루론산과 피부조직재생에 관여하는 덱스판테놀이 코점막을 보습 및 보호하며 체내 조직 및 비타민 유래성분으로 영·유아부터 사용 가능한 보습용 나잘스프레이다.한미약품 관계자는 겨울철 큰 일교차와 미세먼지 등으로 코와 목의 불편함을 호소하는 사람들이 늘고 있다 며 스프레이제의 편의성 등 장점을 바탕으로 목앤·코앤’시리즈로 간편하게 사용 할 수 있는 겨울철 필수품 트렌드로 자리매김 하도록 노력하겠다 고 말했다.,https://news.naver.com/main/read.nhn?mode=LS2D&mid=shm&sid1=101&sid2=261&oid=417&aid=0000622565
20201126 오후 6:23,101,261,LG화학 새 사령탑에… 한미약품 출신 손지웅 사장,손지웅 사장 사진 LG화학LG화학은 26일 이사회 결의를 통해 손지웅LG화학 생명과학사업본부장 부사장 이 사장으로 승진했다고 밝혔다. 손 신임 사장은서울대 의학박사 출신으로 서울대병원 내과 전문의 Global 제약회사인 아스트라제네카 항암제 신약물질탐색 아시아태평양지역 총괄 및 한미약품 CMO Chief Medical Officer 등을 경험한 의약 사업 분야 전문가다.LG화학에는 2017년 생명과학사업본부장으로 보임했다. 당시 LG그룹 출신이 아닌 외부 인사가 제약바이오 부문 수장을 맡은 것은 역사상 최초였다. 손 신임 사장은 LG화학에서 사업 체질 개선과 Commercial Excellence 활동을 통해 수익성을 개선했고신약 파이프라인을 확대하는 등 중장기 성장 모멘텀 강화를 추진하고 있다.,https://news.naver.com/main/read.nhn?mode=LS2D&mid=shm&sid1=101&sid2=261&oid=417&aid=0000624406
20201127 오후 2:39,101,261,한미약품·GC녹십자 희귀질환 신약 공동개발 시동,LSD 치료 위한 차세대 혁신신약 공동개발 착수양사 장점 살려 복약 편의성 증대한 혁신 신약 개발 목표 서울경제 한미약품 128940 과 GC녹십자가 희귀질환 분야에서 혁신신약 공동 개발에 본격적으로 착수한다. 한미약품과 GC녹십자는 27일 유전성 희귀질환인 LSD 리소좀 축적질환 치료를 위한 차세대 혁신신약 공동개발 계약을 체결하고 공동 연구에 본격 착수했다고 밝혔다. 희귀병인 LSD는 손상된 세포 잔해나 불필요한 물질들을 제거하는 세포 기관인 리소좀이 알 수 없는 이유로 체내에 축적돼 심각한 대사 질환을 유발하고 사망에 이르게 하는 질환이다. LSD로 인한 대시 질환 질병은 뮤코다 당증 등을 포함해 50여 종에 이르며 국내에서는 400여 명의 환자가 이 질환으로 고통받고 있다. 현재 LSD 환자는 유전자 재조합 기술로 개발한 효소를 ㅈ어맥 주사하는 방식인 ERT 요법으로 치료하는데 이 같은 1세대 치료법은 1 2주에 한 번씩 내원해 수 시간 동안 정맥 주사를 맞아야 하는 불편함이 있다. 이미 올해 2월 R D 협력에 관한 양해각서 MOU 를 체결한 양사는 협력을 통해 반감기 개선은 물론 복약 편의성을 획기적으로 증대시킨 차세대 혁신신약 개발을 목표로 이번 공동 개발을 시작한다. 한미의 장기 지속형 신약 개발 역량과 녹십자의 희귀질환 ERT 치료제 개발 경험을 바탕으로 후보물질 탐색부터 상업화까지의 개발 전 과정을 공동으로 수행해 시너지를 극대화 한다는 계획이다. 권세창 한미약품 사장은 “한미약품과 GC녹십자는 지난 2월부터 구체적인 협력을 지속해 왔다”며 “양사 역량을 극대화해 차별화된 치료제가 개발될 수 있도록 최선을 다하겠다”고 말했다. 허은철 GC녹십자 사장은 “양사 협력이 환자들 삶에 의미있는 변화를 만들 수 있길 기대한다”며 “미충족 의료수요가 높은 분야를 중심으로 앞으로도 다양한 형태의 협력을 이어가겠다”고 말했다.,https://news.naver.com/main/read.nhn?mode=LS2D&mid=shm&sid1=101&sid2=261&oid=011&aid=0003833177
20201127 오후 2:27,101,261,한미약품·GC녹십자 신약 공동 개발 나서,CBS노컷뉴스 이기범 기자 한미약품·GC녹십자 CI 사진 한미약품 제공 한미약품과 GC녹십자가 희귀질환 분야 글로벌 혁신신약 공동 개발에 본격 나선다.한미약품과 GC녹십자는 유전성 희귀질환인 LSD 리소좀 축적질환 치료를 위한 차세대 혁신신약 공동개발 계약을 체결하고 공동연구에 본격 착수했다고 27일 밝혔다. 희귀병인 ‘LSD’는 손상된 세포 잔해나 불필요한 물질들을 제거하는 세포기관인 ‘리소좀’이 알 수 없는 이유로 체내에 지속 축적돼 심각한 대사질환을 유발하고 사망에까지 이르게 하는 질환이다. LSD로 인한 대사질환 질병은 뮤코다당증 등 50여종에 이르는 것으로 알려져 있으며 국내에는 400여명의 환자가 이 질환으로 고통받고 있다. 현재 LSD 환자는 유전자 재조합 기술로 개발한 효소를 정맥 주사하는 방식인 ERT Enzyme Replacement Therapy 요법으로 주로 치료하는데 이같은 1세대 치료법은 1 2주에 한번씩 병원을 찾아 수시간 동안 정맥주사를 맞아야 하는 불편함이 있다. 양사는 이같은 불편을 줄일 수 있도록 약물의 반감기 개선은 물론 복약 편의성을 획기적으로 증대시킨 차세대 혁신신약 개발을 목표로 이번 공동개발을 추진한다.,https://news.naver.com/main/read.nhn?mode=LS2D&mid=shm&sid1=101&sid2=261&oid=079&aid=0003437031
20201127 오전 10:26,101,261,한미약품GC녹십자 희귀질환 혁신신약 개발 본격화,올해 2월 MOU 이어 이달 공동개발 본 계약 체결공동연구 본격 착수…양사 역량 시너지 기대 서울 뉴시스 송연주 기자 한미약품과 GC녹십자가 희귀질환 분야 글로벌 혁신신약 공동 개발을 본격화한다. 한미약품과 GC녹십자는 유전성 희귀질환인 LSD 리소좀 축적질환 치료를 위한 차세대 혁신신약 공동개발 계약을 체결하고 공동연구에 본격 착수했다고 27일 밝혔다. 양사는 지난 2월 R D 협력에 관한 양해각서 MOU 를 체결했다. 희귀병인 ‘LSD’는 손상된 세포 잔해나 불필요한 물질들을 제거하는 세포기관인 ‘리소좀’이 알 수 없는 이유로 체내에 지속 축적돼 심각한 대사질환을 유발하고 사망에까지 이르게 하는 질환이다. LSD로 인한 대사질환 질병은 뮤코다당증 등 50여종에 이르는 것으로 알려져 있다. 국내에는 400여명의 환자가 이 질환으로 고통받고 있다. 현재 LSD 환자는 유전자 재조합 기술로 개발한 효소를 정맥 주사하는 방식인 ERT Enzyme Replacement Therapy 요법으로 주로 치료한다. 이러한 1세대 치료법은 1 2주에 한 번씩 내원해 수시간 동안 정맥주사를 맞아야 하는 불편함이 있다. 양사는 반감기 개선은 물론 복약 편의성을 획기적으로 증대시킨 차세대 혁신신약 개발을 목표로 이번 공동개발을 추진한다. 한미의 장기 지속형 신약 개발 역량과 녹십자의 희귀질환 ERT 치료제 개발 경험을 바탕으로 후보물질 탐색부터 상업화까지의 개발 전 과정을 공동으로 수행해 시너지를 극대화 한다는 계획이다.한미약품 권세창 사장은 “한미약품과 GC녹십자는 지난 2월부터 구체적인 협력을 지속해 왔다”며 “양사 역량을 극대화해 차별화된 치료제가 개발될 수 있도록 최선을 다하겠다”고 말했다. GC녹십자 허은철 사장은 “양사 협력이 환자들 삶에 의미있는 변화를 만들 수 있길 기대한다”며 “미충족 의료수요가 높은 분야를 중심으로 앞으로도 다양한 형태의 협력을 이어가겠다”고 말했다.,https://news.naver.com/main/read.nhn?mode=LS2D&mid=shm&sid1=101&sid2=261&oid=003&aid=0010209937
20201127 오전 10:21,101,261,한미약품·GC녹십자 희귀질환 LSD 신약 공동개발 착수,2월 MOU 이어 본계약 체결한미약품은 GC녹십자와 유전성 희귀질환인 리소좀 축적질환 LSD 치료를 위한 혁신신약 공동개발 계약을 맺었다고 27일 밝혔다. 지난 2월 양해각서 MOU 를 체결한 이후 본계약이다. LSD는 손상된 세포 잔해나 불필요한 물질들을 제거하는 세포기관인 리소좀이 알 수 없는 이유로 체내에 축적되는 희귀 질환이다. 심각한 대사질환을 유발하고 심하면 사망에까지 이른다. LSD로 인한 대사질환은 뮤코다당증 등 50여종에 이르는 것으로 알려졌다. 국내에는 400여명의 환자가 있다. 현재 LSD 환자는 유전자 재조합 기술로 개발한 효소를 정맥 주사하는 ERT Enzyme Replacement Therapy 요법으로 주로 치료한다. 이 같은 1세대 치료법은 1 2주에 한 번씩 내원해 여러 시간 정맥주사를 맞아야 한다. 양사는 반감기 및 복약 편의성을 개선한 혁신신약의 공동개발을 추진한다. 한미의 장기 지속형 신약 개발 역량과 녹십자의 희귀질환 ERT 치료제 개발 경험을 바탕으로 협력이 진행된다. 후보물질 탐색부터 상업화까지의 개발 전 과정을 함께 수행해 시너지 효과를 극대화한다는 방침이다.권세창 한미약품 사장은 한미약품과 GC녹십자는 지난 2월부터 구체적인 협력을 지속해 왔다 며 양사 역량을 극대화해 차별화된 치료제를 개발하도록 최선을 다하겠다 고 말했다. 허은철 GC녹십자 사장은 양사 협력이 환자들 삶에 의미 있는 변화를 만들 수 있길 기대한다 며 미충족 의료수요가 높은 분야를 중심으로 앞으로도 다양한 협력을 이어가겠다 고 했다.,https://news.naver.com/main/read.nhn?mode=LS2D&mid=shm&sid1=101&sid2=261&oid=015&aid=0004457277
20201127 오전 10:04,101,261,한미약품GC녹십자 희귀질환 분야 혁신신약 개발 본격화,파이낸셜뉴스 한미약품과 GC녹십자가 희귀질환 분야 글로벌 혁신신약 공동 개발을 본격화한다. 한미약품과 GC녹십자는 유전성 희귀질환인 리소좀축적질환 LSD 치료를 위한 차세대 혁신신약 공동개발 계약을 체결하고 공동연구에 본격 착수했다고 27일 밝혔다. 양사는 올해 2월 R D 협력에 관한 양해각서 MOU 를 체결한 바 있다. 희귀병인 LSD 는 손상된 세포 잔해나 불필요한 물질들을 제거하는 세포기관인 리소좀 이 알 수 없는 이유로 체내에 지속 축적돼 심각한 대사질환을 유발하고 사망에까지 이르게 하는 질환이다. LSD로 인한 대사질환 질병은 뮤코다당증 등 50여종에 이르는 것으로 알려져 있으며 국내에는 400여명의 환자가 이 질환으로 고통받고 있다. 현재 LSD 환자는 유전자 재조합기술로 개발한 효소를 정맥 주사하는 방식인 ERT Enzyme Replacement Therapy 요법으로 주로 치료하는데 이러한 1세대 치료법은 1 2주에 한번씩 내원해 수시간 동안 정맥주사를 맞아야 하는 불편함이 있다. 양사는 반감기 개선은 물론 복약 편의성을 획기적으로 증대시킨 차세대 혁신신약 개발을 목표로 이번 공동개발을 추진한다. 한미의 장기 지속형 신약 개발 역량과 녹십자의 희귀질환 ERT 치료제 개발 경험을 바탕으로 후보물질 탐색부터 상업화까지의 개발 전 과정을 공동으로 수행해 시너지를 극대화 한다는 계획이다. 한미약품 권세창 사장은 한미약품과 GC녹십자는 지난 2월부터 구체적인 협력을 지속해왔다 며 양사 역량을 극대화해 차별화된 치료제가 개발될 수 있도록 최선을 다하겠다 고 말했다. GC녹십자 허은철 사장은 양사 협력이 환자들 삶에 의미있는 변화를 만들 수 있길 기대한다 며 미충족의료수요가 높은 분야를 중심으로 앞으로도 다양한 형태의 협력을 이어가겠다 고 말했다.,https://news.naver.com/main/read.nhn?mode=LS2D&mid=shm&sid1=101&sid2=261&oid=014&aid=0004536432
20201127 오전 10:00,101,261,한미약품GC녹십자 희귀질환 혁신신약 공동 개발 착수,한국경제TV 문형민 기자 한미약품과 GC녹십자가 희귀질환 분야 글로벌 혁신신약 공동 개발을 본격화한다.한미약품과 GC녹십자는 유전성 희귀질환인 LSD 리소좀 축적질환 치료를 위한 차세대 혁신신약 공동개발 계약을 체결하고 공동연구에 본격 착수했다고 27일 밝혔다.양사는 올해 2월 R D 협력에 관한 양해각서 MOU 를 체결한 바 있다.희귀병인 LSD 는 손상된 세포 잔해나 불필요한 물질들을 제거하는 세포기관인 리소좀 이 알 수 없는 이유로 체내에 지속 축적돼 심각한 대사질환을 유발하고 사망에까지 이르게 하는 질환이다.LSD로 인한 대사질환 질병은 뮤코다당증 등 50여종에 이르는 것으로 알려져 있으며 국내에는 400여명의 환자가 이 질환으로 고통받고 있다.현재 LSD 환자는 유전자 재조합 기술로 개발한 효소를 정맥 주사하는 방식인 ERT Enzyme Replacement Therapy 요법으로 주로 치료하는데 이러한 1세대 치료법은 1 2주에 한번씩 내원해 수시간 동안 정맥주사를 맞아야 하는 불편함이 있다.양사는 반감기 개선은 물론 복약 편의성을 획기적으로 증대시킨 차세대 혁신신약 개발을 목표로 이번 공동개발을 추진한다.한미의 장기 지속형 신약 개발 역량과 녹십자의 희귀질환 ERT 치료제 개발 경험을 바탕으로 후보물질 탐색부터 상업화까지의 개발 전 과정을 공동으로 수행해 시너지를 극대화 한다는 계획이다.권세창 한미약품 사장은 한미약품과 GC녹십자는 지난 2월부터 구체적인 협력을 지속해 왔다 며 양사 역량을 극대화해 차별화된 치료제가 개발될 수 있도록 최선을 다하겠다 고 말했다.허은청 GC녹십자 사장은 양사 협력이 환자들 삶에 의미있는 변화를 만들 수 있길 기대한다 며 미충족 의료수요가 높은 분야를 중심으로 앞으로도 다양한 형태의 협력을 이어가겠다 고 말했다.,https://news.naver.com/main/read.nhn?mode=LS2D&mid=shm&sid1=101&sid2=261&oid=215&aid=0000918577
20201127 오전 9:57,101,261,한미약품·GC녹십자 희귀질환 LSD 신약 개발 본격화,한미약품과 GC녹십자는 유전성 희귀질환인 LSD 리소좀 축적질환 치료를 위한 차세대 혁신신약 공동개발 계약을 체결하고 연구에 본격적으로 착수한다고 27일 밝혔다. ⓒ각사한미약품과 GC녹십자는 유전성 희귀질환인 LSD 리소좀 축적질환 치료를 위한 차세대 혁신신약 공동개발 계약을 체결하고 연구에 본격적으로 착수한다고 27일 밝혔다.양사는 지난 2월 연구개발 R D 협력에 관한 업무협약 MOU 을 체결했다.LSD는 손상된 세포 잔해 등 불필요한 물질을 제거하는 세포기관인 리소좀 이 알 수 없는 이유로 체내에 지속해서 축적돼 심각한 대사질환을 유발하고 사망에까지 이르게 하는 질환이다.LSD로 인한 대사질환 질병은 뮤코다당증 등 50여종에 이르며 국내에는 400여명의 환자가 있는 것으로 알려졌다.현재 LSD 환자는 유전자 재조합 기술로 개발한 효소를 정맥에 주사하는 방식인 ERT 요법으로 주로 치료한다. 하지만 이런 1세대 치료법은 1∼2주에 한 번씩 내원해 수 시간 주사를 맞아야 하는 불편함이 있다.양사는 반감기를 개선하고 복약 편의성을 증대시킨 차세대 혁신 신약 개발을 목표로 공동 개발에 나섰다.한미약품의 장기 지속형 신약 개발 역량과 GC녹십자의 희귀질환 ERT 치료제 개발 경험을 바탕으로 시너지를 극대화한다는 계획이다.권세창 한미약품 사장은 한미약품과 GC녹십자는 양사 역량을 극대화해 차별화된 치료제가 개발될 수 있도록 최선을 다할 것 이라고 말했다.,https://news.naver.com/main/read.nhn?mode=LS2D&mid=shm&sid1=101&sid2=261&oid=119&aid=0002447056
20201127 오전 5:50,101,261,10년 약값 인하 소송…한미약품·명인제약 승소의 의미,대법원 조현병 약 손배소 최종심서 국내 제약사 손 들어줘 10여 년 간 엎치락뒤치락 “오리지널의 약값 인하 책임 부담서 벗어나…특허 도전 활발 계기” 서울 뉴시스 송연주 기자 오리지널 의약품의 특허를 깨거나 회피하는 방식으로 제네릭 복제약 을 출시한 회사에 오리지널 의약품의 보험약값 인하 책임을 묻지 않는 판결이 나왔다. 국내 제약업계는 10여 년 간 롤러코스터를 탔던 이 소송의 최종 판결에 안도의 숨을 내쉬었다. 대법원 민사2부는 26일 한국릴리가 한미약품을 상대로 제기한 약가인하 손해배상 소송에서 릴리 원고 의 상고를 기각했다. 당일 동시에 진행된 대법원 민사3부는 명인제약이 특허법원의 판결에 불복하며 제기한 릴리와의 약가인하 손해배상 소송에서도 명인제약의 손을 들어줬다 파기환송 . 국내 최초 오리지널 약가 인하분에 대한 손배소 이 소송은 국내 최초의 오리지널 의약품 보험약가 인하분에 대한 손해 배상 청구 소송이다. 시작은 지난 2008년으로 거슬러 올라간다. 당시 한미약품은 릴리의 조현병 치료제 ‘자이프렉사’ 성분명 올란자핀 의 특허가 무효라는 심판을 청구해 2심에서 승소한 후 제네릭 ‘올란자’를 2011년 출시했다. 뒤따라 명인제약도 제네릭 뉴로자핀 을 발매했다. 그러나 대법원은 2012년 11월 2심 판결을 뒤집고 자이프렉사의 특허를 유효화했다. 2심 판결에 따라 제네릭을 출시했는데 막상 최종심에서 오리지널의 특허를 인정한 것이다. 이후 릴리가 한미약품과 명인제약에 제네릭 출시에 따른 자이프렉사의 보험약가 인하를 손해 배상하라고 손배소를 제기하며 사건은 본격화됐다. 현행 건강보험 약가 제도에선 제네릭이 출시되면 오리지널의 약값이 인하된다. 또 오리지널 의약품의 특허 기간이 남아 있는 동안은 그 특허의 진보성을 무효화하거나 회피하지 않는 이상 제네릭 출시가 불가하다. 릴리는 특허가 멀쩡히 살아있는데 제네릭 출시로 가격이 깎여 손해를 봤다며 한미약품과 명인제약에 각 15억원 4700만원을 청구했다. 10여 년 간 엎치락뒤치락…제약업계 촉각 이 사건에서 한미약품은 1심과 2심 모두 승소한 반면 명인제약은 모두 패소하면서 복잡한 국면을 맞았다. 이에 2016년 릴리는 한미약품을 상대로 명인제약은 릴리를 상대로 각 상고했다.국내 제약업계는 이 사건에 촉각을 곤두세웠다. 아직은 오리지널 의약품 보다 제네릭 사업 비중이 훨씬 높다. 최종심 결과에 따라 오리지널 특허에 도전할 때 1 2심에서 이기더라도 약가인하 손해를 물어낼 수 있어서다. 매출이 더 높은 오리지널의 경우 배상액이 수백억 원에도 이를 수 있다. 제네릭 개발사의 특허 도전을 현저히 제한할 수 있다고 동요했다. 특히 제네릭 조기 출시를 독려하는 건강보험제도 및 허가 특허 연계제도와도 상충된다는 지적이었다. 제네릭은 오리지널과 효능이 유사하면서 가격이 저렴해 전 세계적으로 제네릭을 독려하는 분위기다. 이번 최종 판결에 따라 국내 제약업계는 제네릭 조기 출시를 위한 특허도전을 더욱 활발히 할 수 있게 됐다. 김윤호 한국제약특허연구회 회장은 “국내 업체들의 퍼스트 제네릭 출시를 위한 특허 도전이 위축될 수 있는 상황에서 완전히 벗어나게 됐다”면서 “활발한 특허전략 수립은 물론 건강보험 재정과 환자들의 약값 부담을 덜 수 있게 된 의미있는 판결”이라고 말했다.,https://news.naver.com/main/read.nhn?mode=LS2D&mid=shm&sid1=101&sid2=261&oid=003&aid=0010209502
20201130 오후 2:18,101,261,한미약품 제약바이오 첫 KICT 정보보호 우수상 수상,정보·보안 관련 사고 ‘Zero’ 달성 서울 뉴시스 송연주 기자 한미약품은 제약바이오 업계 최초로 정보 보호 분야 국내 최고 권위 시상인 ‘K ICT 정보보호대상’에서 우수상을 받았다고 30일 밝혔다. 올해 19회째를 맞은 K ICT 정보보호 대상은 과학기술정보통신부가 정보 보호 인식 제고를 실천하는 기업과 개인에게 수여하는 상이다. 올해는 코로나19 확산에 따라 시상식은 생략됐다.한미약품은 과학기술정보통신부 평가위원회로부터 3단계에 걸친 심사를 받은 결과 정보보호 관리 정보보호 기술의 우수성 침해사고 대응력 등을 높이 평가받아 제약업계 최초로 수상했다. 한미약품은 최근 증가하고 있는 제약바이오 기업 대상의 사이버 테러와 정보 유출 위협에 대비해 체계적이고 독자적인 정보보호 관리 체계를 수립했다. 특히 정보 보호를 위한 전담조직 정보보호위원회 을 운영하고 신약 정보 보호를 위한 자체 개발 시스템을 구축해 이번 시상에서 우수한 평가를 받았다. 실제로 정보보호위원회 공식 활동이 시작된 2년 전부터 현재까지 정보보호 위반사항이나 개인정보 유출사고 보안사고가 한 건도 발생하지 않았다. 우종수 대표는 “글로벌 수준의 정보보호 시스템을 구축해 지속 가능한 경영 모델을 확고히 하고자 한 노력을 이번 시상을 통해 인정받게 됐다”며 “R D를 포함한 다양한 비즈니스들의 성과가 보안 시스템 아래에서 더욱 견고해질 수 있도록 최선을 다하겠다”고 말했다.,https://news.naver.com/main/read.nhn?mode=LS2D&mid=shm&sid1=101&sid2=261&oid=003&aid=0010213955
20201130 오전 11:55,101,261,한미약품 제약·바이오업계 첫 KICT 정보보호우수상 수상,파이낸셜뉴스 한미약품이 제약바이오 업계 최초로 정보보호 분야 국내 최고 권위 시상인 K ICT 정보보호대상 에서 우수상을 받았다. 올해 19회째를 맞은 K ICT 정보보호 대상은 과학기술정보통신부가 정보보호 인식제고 및 자율적 정보보호를 실천하는 기업과 개인에게 수여하는 상으로 올해는 코로나19 확산에 따라 시상식은 생략됐다. 한미약품은 과학기술정보통신부 평가위원회로부터 3단계에 걸친 심사를 받은 결과 정보보호관리 정보보호기술의 우수성 침해사고 대응력 등을 높이 평가받아 제약업계 최초로 수상의 영예를 안았다고 11월 30일 밝혔다. 한미약품은 최근 증가하고 있는 제약바이오기업 대상의 사이버 테러와 정보 유출 위협에 대비해 체계적이고 독자적인 정보보호 관리체계를 수립해 이행하고 있다. 특히 한미약품은 정보보호를 위한 전담조직 정보보호위원회 을 운영하고 신약 정보 보호를 위한 자체 개발 시스템을 구축해 이번 시상에서 우수한 평가를 받았다. 실제로 정보보호위원회 공식 활동이 시작된 2년 전부터 현재까지 정보보호 위반사항이나 개인정보 유출사고 보안사고가 한 건도 발생하지 않았다. 한미약품은 이번 수상 외에도 2018년 국내 제약업계 최초로 정보보호경영시스템 국제표준 ISO27001 국제정보보호 관리체계 인증을 취득한 바 있다. 한미약품 우종수 대표이사는 글로벌 수준의 정보보호 시스템을 구축해 지속가능한 경영 모델을 확고히 하고자 한 노력을 이번 시상을 통해 인정받게 됐다 며 R D를 포함한 다양한 비즈니스들의 성과가 높은 단계의 보안 시스템 아래 더욱 견고해질 수 있도록 최선을 다하겠다 고 말했다.,https://news.naver.com/main/read.nhn?mode=LS2D&mid=shm&sid1=101&sid2=261&oid=014&aid=0004537651
20201106 오후 3:55,101,310,“하루 한 캡슐”…한미약품 눈 피로 개선 ‘한미루테인맥스’ 출시,루테인·지아잔틴·아스타잔틴·비타민 등 함유한미루테인맥스 사진제공 한미약품  뉴스1 서울 뉴스1 성재준 바이오전문기자 한미약품이 하루 한알로 눈 피로개선 및 영양 공급이 가능한 건강기능식품을 출시했다.6일 한미약품은 눈 피로 개선과 영양 공급을 하루 한 캡슐로 해결할 수 있는 약국전용 건강기능식품 한미루테인맥스 를 출시했다고 밝혔다. 한미루테인맥스에는 체내 루테인과 지아잔틴의 혈중 농도와 동일한 16 4 비율로 혼합된 루테인지아잔틴복합추출물 과 눈 피로도 개선에 도움되는 아스타잔틴이 풍부하게 들어 있는 헤마토코쿠스 추출 성분이 함유됐다. 또한 유해 산소로부터 세포를 보호하는 비타민E와 생체막 조직 구조와 기능 조절에 필요한 비타민A 등도 함께 함유돼 종합적인 눈 건강 관리가 가능하다.한미루테인맥스의 핵심 성분인 루테인지아잔틴복합추출물과 헤마토코쿠스추출물은 100% 천연 식물성 원료를 화학용매를 사용하지 않는 방식의 초임계 공법으로 추출해 고순도의 성분을 안전하고 깨끗하게 섭취할 수 있다. 또한 하루 한 번 한 캡슐만 복용하면 된다. 또한 한미루테인맥스는 6캡슐씩 따로 보관 가능한 휴대용 약통이 함께 포함돼 언제 어디서나 복용이 편리하다. 이 제품은 건강기능식품으로 약국에서 손쉽게 구매할 수 있다.한미약품 관계자는 코로나19로 언택트 문화가 확산되면서 스마트폰 컴퓨터 등에 장시간 노출돼 눈 피로를 호소하는 사람들이 늘고 있다 며 한미루테인맥스는 눈 피로도 개선에 도움을 줄 수 있는 필수 영양성분을 균형감 있게 함유하면서도 복용 방법 또한 간편해 현대인들에게 안성맞춤인 제품 이라고 설명했다.,https://news.naver.com/main/read.nhn?mode=LS2D&mid=shm&sid1=101&sid2=310&oid=421&aid=0004975663
20201106 오후 2:08,101,310,한미약품 눈 피로 개선 건기식 한미루테인맥스 선보여,루테인·지아잔틴·아스타잔틴·비타민 등 균형감 있게 함유 아이뉴스24 이연춘 기자 한미약품이 눈 피로 개선과 영양 공급을 하루 한 캡슐로 해결할 수 있는 약국전용 건강기능식품 한미루테인맥스 를 출시했다.한미루테인맥스는 눈 건강과 눈의 피로도 개선에 도움을 주는 루테인과 지아잔틴 아스타잔틴 등 성분을 100% 천연 식물성 원료에서 추출해 제조한 프리미엄 건강기능식품이다.6일 한미약품에 따르면 이 제품에는 체내 루테인과 지아잔틴의 혈중 농도와 동일한 비율 16 4 로 혼합된 루테인지아잔틴복합추출물 과 눈 피로도 개선에 도움을 줄 수 있는 아스타잔틴이 풍부하게 들어 있는 헤마토코쿠스 에서 추출한 성분이 함유됐다. 한미약품 이와 함께 유해 산소로부터 세포를 보호하는 비타민E와 생체막 조직 구조와 기능 조절에 필요한 비타민A 등도 함께 함유돼 눈 건강을 종합적으로 관리할 수 있다.이 제품의 핵심 성분인 루테인지아잔틴복합추출물과 헤마토코쿠스추출물은 100% 천연 식물성 원료를 화학용매를 사용하지 않는 방식의 초임계 공법으로 추출해 고순도의 성분을 안전하고 깨끗하게 섭취할 수 있다.한미약품 관계자는 코로나19로 언택트 문화가 확산되면서 스마트폰 컴퓨터 등에 장시간 노출돼 눈 피로를 호소하는 사람들이 늘고 있다 며 한미루테인맥스는 눈 피로도 개선에 도움을 줄 수 있는 필수 영양성분을 균형감 있게 함유하면서도 복용 방법 또한 간편해 현대인들에게 안성맞춤인 제품 이라고 설명했다.,https://news.naver.com/main/read.nhn?mode=LS2D&mid=shm&sid1=101&sid2=310&oid=031&aid=0000566938
20201113 오후 2:00,101,310,한미약품 비알코올성지방간염 치료제 미국간학회서 주목,아이뉴스24 이연춘 기자 한미약품이 세계최초 NASH 비알코올성지방간염 치료제로 개발중인 LAPSTriple Agonist의 연구 결과 3건을 간질환 분야 세계 최대 학회인 미국간학회 AASLD 에서 발표했다.한미약품은 지난 8월 유럽 간 전문가들이 참석하는 유럽간학회 EASL 국제간학술대회 ILC 에서도 LAPSTriple Agonist의 임상 및 전임상 데이터를 발표한 바 있다.13일 한미약품에 따르면 LAPSTriple Agonist는 체내 에너지 대사량을 증가시키는 글루카곤과 인슐린 분비 및 식욕억제를 돕는 GLP 1 인슐린 분비 및 항염증 작용을 하는 GIP 수용체들을 동시에 활성화하는 삼중작용 바이오신약 후보물질이다. 한미약품 한미약품은 다양한 동물모델 조직 분석을 통해 LAPSTriple Agonist가 간 내 지방 간염증 및 간섬유화가 복합적으로 작용하는 NASH에 치료 효과가 있음을 이번 미국간학회에서 발표했다.고지방 식이 및 화학요법 등으로 유도된 간염증 및 간섬유증 모델에서 염증성 사이토카인 발현 감소와 더불어 조직학적 염증 및 섬유화 개선 효과를 확인했으며 담즙정체성 담관염 및 간섬유화 유도 모델에서도 직접적인 간섬유화 개선 효능 및 관련 기전을 확인했다.또한 3건의 포스터 발표에 포함된 모든 모델에서 경쟁약물인 FXR agonist 성분명 오베티콜산 대비 우수한 항섬유화 효능도 확인했다.권세창 한미약품 사장은 삼중작용 치료제인 LAPSTriple Agonist는 다양한 NASH 증상을 동시에 타깃하는 혁신적 신약 이라며 미국과 유럽의 글로벌 최대 규모 학회에서 간 전문가들의 주목을 받고 있는 만큼 조속한 상용화를 위해 최선을 다하겠다 고 말했다.,https://news.naver.com/main/read.nhn?mode=LS2D&mid=shm&sid1=101&sid2=310&oid=031&aid=0000568226
20201113 오후 2:06,101,310,한미약품 미국간학회서 NASH 치료제 효과 발표,동물모델 조직 분석 통해 효과 증명경쟁약물 FRX 아고니스트 대비 우수 이데일리 왕해나 기자 한미약품이 세계 최초 비알코올성지방간염 NASH 치료제로 개발중인 랩스 트리플 아고니스트 LAPS Triple Agonist 의 연구결과 3건을 간질환 분야 세계 최대 학회인 미국간학회 AASLD 에서 발표했다고 13일 밝혔다. 한미약품이 랩스 트리플 아고니스트 효과를 증명한 미국간학회 포스터. 사진 한미약품 랩스 트리플 아고니스트는 체내 에너지 대사량을 증가시키는 글루카곤 인슐린분비와 식욕 억제를 돕는 글루카곤 유사 펩타이드 1 GLP 1 항염증 작용을 하는 포도당 의존성 인슐린분비 자극 펩타이드 GIP 수용체를 동시에 활성화하는 삼중작용 바이오신약 후보물질이다.한미약품은 다양한 동물모델 조직 분석을 통해 해당 물질이 간 내 지방 간염증 및 간섬유화가 복합적으로 작용하는 NASH에 치료 효과가 있음을 이번 미국간학회에서 발표했다. 한미약품 연구 결과 이 물질은 고지방 식이요법과 화학요법으로 유도된 간염증·간섬유증 동물모델에서 염증성 사이토카인 발현 감소와 조직학적 질환 개선 효과를 냈다. 담즙정체성 담관염과 간섬유화가 유도된 모델에서도 직접적인 간섬유화 개선 효능을 보였다. 또한 3건의 포스터 발표에 포함된 모든 모델에서 경쟁약물인 FXR 아고니스트 성분명 오베티콜산 대비 우수한 항섬유화 효능도 확인했다.랩스 트리플 아고니스트는 올해 7월 미국 식품의약국 FDA 으로부터 신속 개발 필요성을 인정받아 패스트트랙으로 지정됐다. 지금은 생체검사에서 질환이 확인된 NASH 환자들을 대상으로 유효성을 확인하기 위한 미국 임상 2상이 진행 중이다. 올해 3월에는 FDA로부터 희귀질환인 원발 담즙성 담관염 PSC 과 원발 경화성 담관염 PBC 치료를 위한 희귀의약품으로 지정됐다.권세창 한미약품 사장은 “삼중작용 치료제인 랩스 트리플 아고니스트는 다양한 NASH 증상을 동시에 타깃하는 혁신적 신약”이라며 “미국과 유럽의 글로벌 최대 규모 학회에서 간 전문가들의 주목을 받고 있는 만큼 조속한 상용화를 위해 최선을 다하겠다”고 말했다.,https://news.naver.com/main/read.nhn?mode=LS2D&mid=shm&sid1=101&sid2=310&oid=018&aid=0004785194
20201113 오후 12:19,101,310,한미약품 비알코올성 지방간염 치료제 동물실험서 효능 확인,이달 미국 간학회서 연구 결과 포스터 발표한미약품은 비알코올성 지방간염 NASH 치료제로 개발 중인 랩스 트리플 아고니스트 LAPS Triple Agonist 의 효과를 동물실험에서 확인했다고 13일 밝혔다. ⓒ한미약품한미약품은 비알코올성 지방간염 NASH 치료제로 개발 중인 랩스 트리플 아고니스트 LAPS Triple Agonist 의 효과를 동물실험에서 확인했다고 13일 밝혔다.한미약품은 이 같은 연구 결과 3건을 이달 13일부터 16일까지 열리는 미국 간학회 AASLD 에서 포스터 발표했다.랩스 트리플 아고니스트는 체내 에너지 대사량을 증가시키는 글루카곤 인슐린분비와 식욕 억제를 돕는 글루카곤 유사 펩타이드 1 GLP 1 항염증 작용을 하는 포도당 의존성 인슐린분비 자극 펩타이드 GIP 수용체를 동시에 활성화하는 삼중작용 신약 후보물질이다.한미약품에 따르면 이 물질은 고지방 식이요법과 화학요법으로 유도된 간염증·간섬유증 동물모델에서 염증성 사이토카인 발현 감소와 조직학적 질환 개선 효과를 냈다. 담즙정체성 담관염과 간섬유화가 유도된 모델에서도 직접적인 간섬유화 개선 효능을 보였다는 설명이다.한미약품은 3건의 포스터 발표에 포함된 모든 모델에서 경쟁 약물인 FXR 아고니스트 성분명 오베티콜산 보다 우수한 항섬유화 효능을 확인했다고 밝혔다.한미약품은 지난 8월 유럽 간 전문가들이 참석하는 유럽 간학회 EASL 국제간학술대회 ILC 에서도 이 물질의 임상과 전임상 데이터를 발표했다.앞서 랩스 트리플 아고니스트는 지난 7월 미국 식품의약국 FDA 으로부터 신속 개발 필요성을 인정받아 패스트트랙으로 지정됐다. 현재 생체검사에서 질환이 확인된 NASH 환자들을 대상으로 유효성을 확인하기 위한 미국 임상 2상이 진행 중이다.,https://news.naver.com/main/read.nhn?mode=LS2D&mid=shm&sid1=101&sid2=310&oid=119&aid=0002443205
20201120 오후 5:16,101,310,한미약품 먹고 바르는 치질약 치쏙 시리즈로 치질 종합관리,치쏙정 디오스민 성분 기존약 대비 약 2배바르는 치쏙크림 1회용 주입기 사용으로 위생적 뉴스1 서울 뉴스1 성재준 바이오전문기자 한미약품이 치질치료제 라인업을 강화했다고 20일 밝혔다. 간편하게 복용하는 경구용 치질약 ‘치쏙정 디오스민600mg ’과 병용이 가능한 바르는 일회용 치질약 ‘치쏙크림’이 구성 제품이다. 치쏙정의 성분은 디오스민 600밀리그램 mg 으로 기존 디오스민 성분의 치질 치료제 대비 성분량이 2배정도 많다. 디오스민은 약해진 혈관벽을 강화하고 혈관기능을 회복시키며 염증 반응을 억제해 통증 및 부기를 줄이는 효과가 있어 다양한 혈관질환 치료에 사용된다는 게 한미약품의 설명이다. 아울러 치질뿐만 아니라 정맥부전으로 인한 다리 통증과 부종 등의 개선에도 도움이 된다.바르는 치질약 치쏙크림은 1회용 주입기에 담겨있어 위생적으로 사용할 수 있는 것이 특징이다. 주입기 너비가 현재 시판중인 치질 치료 크림 중 가장 좁은 6밀리미터 mm 로 약물을 도포하거나 항문 삽입 시 거부감이 적다는 장점이 있다.한미약품 관계자는 “치질은 만성질환으로 꾸준한 관리가 중요한데 치쏙정은 언제 어디서든 간편하게 복용할 수 있어 지속적인 치료에 도움이 된다”며 “경구용 치쏙정과 치쏙크림을 함께 사용하면 효과적인 치질 치료를 기대할 수 있다”고 말했다. 한편 치쏙정은 치질 치료시 1일 1정씩 2 3회 정맥부전 증상 완화를 위해서는 1일 1회 1정을 복용하면 된다. 한미사이언스 계열사 온라인팜을 통해 전국 약국에 유통되는 일반의약품으로 소비자가 약국에서 처방전 없이 직접 구입할 수 있다.,https://news.naver.com/main/read.nhn?mode=LS2D&mid=shm&sid1=101&sid2=310&oid=421&aid=0005003048
20201120 오후 6:26,101,310,한미약품 짜먹는 어린이용 해열제 ‘맥시부키즈’ 출시,휴대∙복용 편리한 스틱형…외출 및 응급시에도 간편하게국내 최초 유·소아 대상 임상3상 진행 뉴스1 서울 뉴스1 성재준 바이오전문기자 한미약품은 최근 유·소아 전용 해열제 맥시부펜시럽 의 리뉴얼 스틱형 제품인 맥시부키즈시럽 을 출시했다고 20일 밝혔다. 기존 병타입에서 짜먹는 제형으로 바꿔 휴대·복용 편의성을 더욱 높인 게 특징이다. 한미약품 관계자는 맥시부펜시럽은 아이를 키우는 가정의 상비약이 될 정도로 빠른 효과와 안전성이 입증된 제품이다 며 병 타입의 맥시부펜시럽은 가정 상비용으로 맥시부키즈시럽은 외출 또는 응급시 유용하게 쓰일 수 있을 것으로 기대된다 고 말했다.맥시부키즈시럽은 열을 낮추는 성분인 이부프로펜의 활성 성분만을 분리한 덱시부프로펜 이 주성분이다. 국내 최초 유·소아 대상 임상3상을 통해 약효와 안전성을 입증했다. 덱시부프로펜은 이부프로펜보다 적은 용량으로 동등한 효과를 나타내며 활성 성분만을 분리한 만큼 안전성을 높였다는 게 한미약품의 설명이다. 맥시부키즈시럽은 포도맛으로 아이들이 1회 1포 6mL 스틱형 씩 그대로 짜서 먹을 수 있어 외출 또는 응급시 신속하고 간편한 복용이 가능하다.일반의약품인 맥시부키즈시럽은 한미사이언스 계열사인 약국 전문 영업 마케팅 회사인 온라인팜을 통해 전국 약국에 공급된다.,https://news.naver.com/main/read.nhn?mode=LS2D&mid=shm&sid1=101&sid2=310&oid=421&aid=0005003164
20201120 오후 4:20,101,310,성장기 우리아이 위한 종합영양제…한미약품 텐텐 입소문 타고 인기,비타민·칼슘·마그네슘 등 함유…코엔자임Q10 함유는 국내 유일20일 업계에 따르면 텐텐은 다양한 영양소가 함유돼 성장기 어린이를 위한 종합영양제로 인기를 끌고 있다. 사진 한미약품 아이뉴스24 서민지 기자 한미약품의 어린이 종합영양제 텐텐 이 아이들을 키우는 엄마들 사이에서 입소문을 타고 있다.20일 업계에 따르면 텐텐은 다양한 영양소가 함유돼 성장기 어린이를 위한 종합영양제로 인기를 끌고 있다.텐텐은 비타민 A B1 B2 B6 C D E 과 칼슘 마그네슘 항산화 성분인 코엔자임 Q10 등이 함유됐다. 특히 코엔자임Q10은 국내에서 유일하게 함유돼 있으며 성장기 체내 에너지 생산 촉진 작용으로 성장발육에 도움을 준다. 또 자일리톨이 첨가돼 충치 예방에도 도움이 된다.텐텐은 어린이뿐 아니라 전 연령대가 육체 피로 시 수유기 노년기 병중·병후 체력 저하 시에 복용할 수 있는 제품이다.텐텐은 만 36개월 이상부터 만 8세 미만의 경우 하루 2번 1회 1정씩 만 8세 이상의 경우 하루 2번 1회 2정씩 복용하면 된다. 츄정 타입으로 입안에서 녹이거나 씹어서 간편하게 복용이 간편하다는 것도 장점으로 꼽힌다.텐텐은 한미사이언스 계열사인 약국 전문 영업·마케팅 회사 온라인팜을 통해 전국 약국에 공급되며 의약품 유통 이력 추적이 가능한 RFID 무선인식전자태그 가 부착돼 소비자들이 안심하고 복용할 수 있도록 했다.한미약품 관계자는 뜨거운 관심을 지속적으로 이어갈 수 있도록 텐텐만의 차별화된 마케팅을 펼칠 예정 이라며 텐텐의 우수한 제품력을 바탕으로 소비자들의 탄탄한 신뢰를 통해 더욱더 사랑받는 제품으로 성장해 나아가겠다 고 말했다.,https://news.naver.com/main/read.nhn?mode=LS2D&mid=shm&sid1=101&sid2=310&oid=031&aid=0000569600
20201120 오후 3:55,101,310,“아연과 비타민의 만남”…한미약품 제텐씨 리뉴얼 출시,2개월분 60정 포장…전국 약국서 구입 가능 뉴스1 서울 뉴스1 성재준 바이오전문기자 한미약품은 활력 종합비타민 영양제 제텐 씨 를 리뉴얼해 출시했다고 20일 밝혔다. 기존 120정으로 포장돼 있던 제품을 복용 주기 등을 고려해 2개월분 60정 으로 바꿔 기존 제품 대비 가격경쟁력을 키운 게 특징이다. 제텐 씨는 쉽게 피로감과 체력저하를 느끼는 현대인에게 필요한 각종 비타민은 물론 면역력 강화에 도움을 주는 아연 22.5밀리그램 mg 과 비타민C 750mg을 함유했다는 게 한미약품의 설명이다. 아연은 세포 증식과 면역 기능 조절에 필수적인 성분이다. 면역력 증강뿐 아니라 항산화 노화방지 및 전립선 기능 강화에도 도움을 주는 것으로 알려져 있다. 제텐 씨는 하루 한알 복용으로 결핍되기 쉬운 비타민 B1 B2 B6 E 보충이 가능하며 아연과 비타민C의 성인 기준 일일 섭취 권장량을 충분히 채울 수 있다. 일반의약품으로서 전국 약국에서 처방전 없이 구입이 가능하다.한미약품 관계자는 제텐 씨는 아연 비타민B1 C E 등 필수 영양성분을 균형있게 함유한 종합 활력 영양제 라며 감염병 유행 및 일교차 등으로 면역력이 쉽게 떨어지는 시기에 현대인들의 건강 지킴 영양제로 안성맞춤 이라고 설명했다.,https://news.naver.com/main/read.nhn?mode=LS2D&mid=shm&sid1=101&sid2=310&oid=421&aid=0005002836
20201120 오후 4:40,101,310,한미약품 고혈압·고지혈증 치료 4제 복합제 허가 받아,고혈압과 이상지질혈증 치료제 성분 조합우송수 사장 “글로벌 경쟁력 다시 입증” 이데일리 왕해나 기자 한미약품은 식품의약품안전처로부터 고혈압과 이상지질혈증 치료제 성분 네 가지를 한 알로 만든 ‘아모잘탄엑스큐’의 품목허가를 받았다고 20일 밝혔다.한미약품 사옥. 사진 이데일리DB 아모잘탄엑스큐는 고혈압치료 성분 2가지와 이상지질혈증치료 성분 2가지를 하나로 만든 4제 복합제다. 혈압을 떨어뜨리는 성분인 암로디핀 로사르탄의 복합제인 ‘아모잘탄’ 이상지혈증 치료 성분인 로수바스타틴과 에제티미브의 복합제인 ‘로수젯’을 하나로 만들었다. 각 성분마다 체내에서 흡수 또는 약효를 발현하는 기전이 달라 한 알의 정제 또는 캡슐에 담기 위해서는 최적의 혁신 제제기술이 적용돼야 한다는 설명이다. 제품은 내년 2월 출시 예정이다.한미약품은 의약품 성분을 결합했을 때도 안정적으로 효능을 발휘하면서 제형의 크기는 커지지 않도록 하는 축적된 제제기술 덕분이라고 설명했다.한미약품 관계자는 “최근 고혈압과 이상지질혈증 복합 치료제는 고혈압제 시장에서 가장 두드러진 성장을 보인다”며 “나쁜 콜레스테롤로 분류되는 저밀도콜레스테롤 LDL 을 낮추기 위해 이상지질혈증 치료제를 더 추가하는 사례가 많아 복약순응도와 편의성을 높이고자 개발했다”고 설명했다.우종수 한미약품 사장은 “2009년 고혈압치료 복합신약 아모잘탄을 출시하며 한국 제약산업에 복합신약 시대를 활짝 열었고 이제 4가지 성분을 결합한 4제 복합신약 허가를 받으면서 글로벌 경쟁력을 다시 한번 입증했다”고 말했다.,https://news.naver.com/main/read.nhn?mode=LS2D&mid=shm&sid1=101&sid2=310&oid=018&aid=0004790891
20201120 오후 1:38,101,310,종합 법원 한미약품 공시지연 책임…한미 즉각 항소 검토,법원 투자자들에게 99% 해당하는 13억 배상하라 아이뉴스24 이연춘 기자 한미약품의 늑장 공시 로 손실을 입은 투자자들에게 손해배상을 해야 한다는 법원 판단이 나왔다. 기업의 공시지연으로 인한 손해배상을 인정한 사상 첫 판례라 향후 자본시장에 끼칠 영향에 관심이 쏠린다.다만 한미약품 20일 공시 지연에 대하여는 당시 검찰 조사에서도 무혐의로 결론이 난 사안 이라며 공시규정을 위반하지 않은 사안에 대하여 이런 판결이 나온데 대해 매우 유감스럽다.즉각적인 항소를 검토하고 있다 고 말했다. 한미약품 서울중앙지법 민사합의16부 부장판사 임기환 는 19일 원고 김 씨를 포함하여 투자자 126명이 한미약품을 상대로 청구한 손해배상 소송에서 원고 일부승소 판결을 내렸다. 법원은 기업의 공시의무를 엄격하게 보고 투자자들이 요구한 금액의 99%를 인용했다. 2016년 11월 사건이 접수된 지 4년 만이다.형식상 원고 일부승소 판결을 취했지만 실제로는 126명의 소액주주가 청구한 총 청구금액 13억8천700만원 중 99%에 해당하는 13억7천200만원에 대한 배상책임이 인정돼 법원이 사실상 소액주주들의 손을 들어줬다는 평이 나온다.무엇보다 이번 판결은 기업공시 제도의 의미와 목적을 명확히 한 사례라 법조계와 증권업계 관계자들의 주목을 모으고 있다. 그동안 허위공시에 대한 책임을 묻는 판결은 있었으나 그 적용범위는 극히 제한적이었다. 본 판결은 기업 공시제도의 의미를 명확히 설시하면서 지연공시를 이유로 기업에게 손해배상책임을 지운 최초의 기념비적인 사례라는 평이 나온다.특히 투자자와 주식회사 경영진 간 정보 불균형 이른바 주인 대리인 문제를 해결할 수단으로 상장기업에게 신속하고 투명한 공시의무를 부여한 셈이다.해당 소송에서 투자자 측의 변론을 맡은 법무법인 창천의 윤제선 대표 변호사는 상장기업의 공시가 기업의 자의가 아니라 공익과 투자자의 이익에 맞게 엄격하게 결정돼야 한다는 점을 인정한 기념비 적인 판결 이라면서 주주자본주의와 공정한 시장질서 형성에 이정표가 될 만한 사안 이라고 말했다.또한 한미약품 측의 고의 또는 과실로 미공개정보가 유출돼 미공개정보를 이용해 원고들이 입은 손해를 부당이득으로 취득한 자들이 존재한다 면서 이번 판결로 증권시장을 신뢰했다가 큰 손해를 입은 다수의 투자자들이 금전적으로라도 배상을 받게 됐다 고 말했다.,https://news.naver.com/main/read.nhn?mode=LS2D&mid=shm&sid1=101&sid2=310&oid=031&aid=0000569555
20201120 오전 10:51,101,310,한미약품 공시지연 논란…법원 청구금액 99% 손해배상하라”,투자자와 경영진간 정보 불균형 문제 해소의 첫걸음 아이뉴스24 이연춘 기자 법원이 지연 공시로 발생한 투자자의 손해를 한미약품 측이 배상하라는 판결을 내렸다. 기업의 공시지연으로 인한 손해배상을 인정한 사상 첫 판례라 향후 자본시장에 끼칠 영향에 관심이 쏠린다.서울중앙지법 민사합의16부 부장판사 임기환 는 19일 원고 김 씨를 포함하여 투자자 126명이 한미약품을 상대로 청구한 손해배상 소송에서 원고 일부승소 판결을 내렸다.형식상 원고 일부승소 판결을 취했지만 실제로는 126명의 소액주주가 청구한 총 청구금액 13억8천700만원 중 99%에 해당하는 13억7천200만원에 대한 배상책임이 인정돼 법원이 사실상 소액주주들의 손을 들어줬다는 평이 나온다.한미약품무엇보다 이번 판결은 기업공시 제도의 의미와 목적을 명확히 한 사례라 법조계와 증권업계 관계자들의 주목을 모으고 있다. 그동안 허위공시에 대한 책임을 묻는 판결은 있었으나 그 적용범위는 극히 제한적이었다. 본 판결은 기업 공시제도의 의미를 명확히 설시하면서 지연공시를 이유로 기업에게 손해배상책임을 지운 최초의 기념비적인 사례라는 평이 나온다.특히 투자자와 주식회사 경영진 간 정보 불균형 이른바 주인 대리인 문제를 해결할 수단으로 상장기업에게 신속하고 투명한 공시의무를 부여한 셈이다.해당 소송에서 투자자 측의 변론을 맡은 법무법인 창천의 윤제선 대표 변호사는 상장기업의 공시가 기업의 자의가 아니라 공익과 투자자의 이익에 맞게 엄격하게 결정돼야 한다는 점을 인정한 기념비 적인 판결 이라면서 주주자본주의와 공정한 시장질서 형성에 이정표가 될 만한 사안 이라고 말했다.또한 한미약품측의 고의 또는 과실로 미공개정보가 유출돼 미공개정보를 이용해 원고들이 입은 손해를 부당이득으로 취득한 자들이 존재한다 면서 이번 판결로 증권시장을 신뢰했다가 큰 손해를 입은 다수의 투자자들이 금전적으로라도 배상을 받게 됐다 고 말했다.,https://news.naver.com/main/read.nhn?mode=LS2D&mid=shm&sid1=101&sid2=310&oid=031&aid=0000569526
20201120 오전 10:07,101,310,한미약품 4제 복합신약 내놨다…글로벌 시장서 경쟁력 입증,한국 제약기술의 자부심 …혁신신약 개발 이어나간다 아이뉴스24 이연춘 기자 한미약품은 2009년 고혈압치료 복합신약 아모잘탄 을 출시하며 한국 제약산업에 ‘복합신약’ 시대를 활짝 열었고 이제 4가지 성분을 결합한 4제 복합신약 허가를 받으면서 글로벌 경쟁력을 다시 한 번 입증했습니다. 한미약품 대표이사 우종수 사장 창의적이고 혁신적인 한미약품의 우수한 제제기술이 4제 복합신약 허가로 이어졌다.한미약품은 최근 식품의약품안전처로부터 고혈압치료 성분 2가지와 이상지질혈증치료 성분 2가지를 결합한 4제 복합신약 ‘아모잘탄엑스큐’를 허가받았다. 한미약품 2009년 2가지 성분의 고혈압 치료제를 결합한 ‘아모잘탄’을 시작으로 3가지 성분 결합에 이어 4가지 성분의 복합신약 개발까지 성공적으로 마쳤다.의약품의 성분 결합은 단순하지 않다. 한미약품은 각 성분 간의 상호작용을 최소화하여 안정성을 확보하면서도 약물 크기를 작게 만드는 등의 독자적이고 창의적인 제제기술을 십수년간 축적해 왔다. 각 성분마다 체내에서 흡수 또는 약효를 발현하는 기전이 다르기 때문에 이를 한 알의 정제 또는 캡슐에 담기 위해서는 최적의 혁신 제제기술이 적용돼야 한다.김나영 한미약품 상무 개발·허가 담당 는 두 가지 이상 성분을 결합해 제조하는 복합제는 환자들이 복용해야 하는 약물 숫자를 줄여 편의성을 높이고 치료 효과를 극대화하며 단일제 여러 개를 복용하는 것보다 건강보험 재정 절감에도 기여할 수 있다 면서 한미약품은 십수년간 축적해 온 독창적 제제기술을 토대로 다양한 복합신약을 선보이며 의약품 시장의 트렌드를 주도하고 있다 고 말했다.특히 인류 평균 수명이 길어지고 고령화 추세가 가속화되면서 여러 개의 치료 성분을 한 알에 결합하는 복합신약은 새로운 의약품 시장을 창출하고 있다. 실제 한미약품이 개발한 복합신약 ‘아모잘탄’과 ‘로수젯’은 미국 MSD를 통해 세계 주요 국가에 수출되고 있다.이상지질혈증 치료 성분 2가지를 결합한 한미약품의 ‘로수젯’은 올해 3분기까지 727억원의 매출 유비스트 기준 을 달성 올 한 해 1천억 원대 매출이 예상된다.우종수 한미약품 사장은 4제 복합신약 허가는 아모잘탄패밀리 라인업 확장이란 의미와 함께 한국 제제기술 경쟁력을 세계에 알리는 계기가 될 것 이라며 복합신약 성공이 혁신신약 개발로 이어지는 지속가능한 경영 을 위해 최선을 다하겠다 고 말했다.,https://news.naver.com/main/read.nhn?mode=LS2D&mid=shm&sid1=101&sid2=310&oid=031&aid=0000569503
20201123 오전 10:19,101,310,한미약품 약국 마케팅 시동,겨울철 필수 상비약 4총사…전월比 26.9% 증가 아이뉴스24 이연춘 기자 한미약품이 겨울철 필수 상비약 4총사의 약국 마케팅을 강화하고 있다. 겨울철 큰 일교차와 미세먼지 등으로 개인 건강 및 위생에 대한 관심이 폭증하는 상황에서 이들 제품을 찾는 소비자들이 크게 늘고 있기 때문이다.23일 한미약품에 따르면 목과 코에 직접 분사하는 방식의 4개 제품들의 약국 매출이 자사 집계 기준으로 전월 대비 평균 26.9% 증가했다. 최근 악화된 미세먼지 급격한 환절기 기온변화 등으로 이들 제품을 찾는 소비자들이 늘고 있기 때문이라고 회사측은 설명했다. 한미약품 4개 제품은 목 염증 및 부종 구내염 등 치료에 사용하는 목앤 목앤파워스프레이 코막힘을 완화해주는 코앤쿨나잘스프레이 촉촉한 비강 내 환경을 유지시켜 주는 코앤나잘스프레이 이다.먼저 목앤스프레이 이하 목앤 는 염증∙통증에 효과적인 수용성아줄렌 성분과 항균 작용을 하는 CPC 세틸피리디늄염화물수화물 성분을 혼합한 구내염 치료제로서 목의 염증으로 인한 통증 완화에 도움을 주며 목의 부종과 구내염 및 쉰 목소리 완화에도 효과적이다.목앤파워스프레이 이하 목앤파워 의 주성분은 소염진통제인 플루르비프로펜으로 목에 직접 분사하여 인후염으로 인한 통증 등의 여러 증상을 빠르게 치료할 수 있다.코앤쿨나잘스프레이’ 이하 코앤쿨 의 주성분은 자일로메타졸린염산염과 클로르페니라민말레산염으로 자일로메타졸린염산염은 콧속 점막 혈관을 수축시키고 혈류를 감소시켜 코막힘을 완화시키며 클로르페니라민말레산염 성분은 알레르기 반응을 억제한다.코앤스프레이 이하 코앤 는 함수성이 높은 생체성분 히알루론산과 피부조직재생에 관여하는 덱스판테놀이 코점막을 보습 및 보호하며 체내 조직 및 비타민 유래성분으로 영·유아부터 사용 가능한 보습용 나잘스프레이다.한미약품 관계자는 겨울철 큰 일교차와 미세먼지 등으로 코와 목의 불편함을 호소하는 사람들이 늘고 있다 며 스프레이제의 편의성 등 장점을 바탕으로 목앤·코앤’시리즈로 간편하게 사용 할 수 있는 겨울철 필수품 트렌드로 자리매김 하도록 노력하겠다 고 말했다.한미약품의 겨울철 4총사 목앤 목앤파워 코앤쿨 코앤 제품은 일반의약품으로 약국 영업 및 마케팅 유통 전문 기업인 온라인팜 한미사이언스 계열사 을 통해 전국 약국 등에 유통된다.,https://news.naver.com/main/read.nhn?mode=LS2D&mid=shm&sid1=101&sid2=310&oid=031&aid=0000569823
20201127 오전 9:57,101,310,한미약품·GC녹십자 희귀질환 LSD 신약 개발 본격화,한미약품과 GC녹십자는 유전성 희귀질환인 LSD 리소좀 축적질환 치료를 위한 차세대 혁신신약 공동개발 계약을 체결하고 연구에 본격적으로 착수한다고 27일 밝혔다. ⓒ각사한미약품과 GC녹십자는 유전성 희귀질환인 LSD 리소좀 축적질환 치료를 위한 차세대 혁신신약 공동개발 계약을 체결하고 연구에 본격적으로 착수한다고 27일 밝혔다.양사는 지난 2월 연구개발 R D 협력에 관한 업무협약 MOU 을 체결했다.LSD는 손상된 세포 잔해 등 불필요한 물질을 제거하는 세포기관인 리소좀 이 알 수 없는 이유로 체내에 지속해서 축적돼 심각한 대사질환을 유발하고 사망에까지 이르게 하는 질환이다.LSD로 인한 대사질환 질병은 뮤코다당증 등 50여종에 이르며 국내에는 400여명의 환자가 있는 것으로 알려졌다.현재 LSD 환자는 유전자 재조합 기술로 개발한 효소를 정맥에 주사하는 방식인 ERT 요법으로 주로 치료한다. 하지만 이런 1세대 치료법은 1∼2주에 한 번씩 내원해 수 시간 주사를 맞아야 하는 불편함이 있다.양사는 반감기를 개선하고 복약 편의성을 증대시킨 차세대 혁신 신약 개발을 목표로 공동 개발에 나섰다.한미약품의 장기 지속형 신약 개발 역량과 GC녹십자의 희귀질환 ERT 치료제 개발 경험을 바탕으로 시너지를 극대화한다는 계획이다.권세창 한미약품 사장은 한미약품과 GC녹십자는 양사 역량을 극대화해 차별화된 치료제가 개발될 수 있도록 최선을 다할 것 이라고 말했다.,https://news.naver.com/main/read.nhn?mode=LS2D&mid=shm&sid1=101&sid2=310&oid=119&aid=0002447056
20201106 오후 12:08,101,771,한미약품 눈피로 개선 건기식 한미루테인맥스 출시,머니투데이 지영호 기자 한미약품은 6일 눈피로 개선과 영양 공급 효과가 있는 약국전용 건강기능식품 ‘한미루테인맥스’를 출시했다.한미루테인맥스는 눈 건강과 눈의 피로도 개선에 도움을 주는 루테인과 지아잔틴 아스타잔틴 등 성분을 100% 천연 식물성 원료에서 추출해 제조한 프리미엄 건강기능식품이다. 체내 루테인과 지아잔틴의 혈중 농도와 동일한 비율 16 4 로 혼합된 ‘루테인지아잔틴복합추출물’과 아스타잔틴이 풍부하게 들어 있는 ‘헤마토코쿠스’에서 추출한 성분이 함유됐다. 또 유해 산소로부터 세포를 보호하는 비타민E와 생체막 조직 구조와 기능 조절에 필요한 비타민A 등도 함유돼 있다.한미약품 관계자는 “코로나19로 언택트 문화가 확산되면서 스마트폰 컴퓨터 등에 장시간 노출돼 눈 피로를 호소하는 사람들이 늘고 있다”며 “눈 피로도 개선에 도움을 줄 수 있는 필수 영양성분을 균형감 있게 함유하면서도 복용 방법도 간편해 현대인들에게 안성맞춤인 제품”이라고 설명했다.한미루테인맥스는 하루 한 번 한 캡슐만 복용하면 된다. 한 박스에 한 달 복용 분량인 30캡슐이 들어 있으며 6캡슐씩 따로 보관 할 수 있는 휴대용 약통이 함께 포함돼 있다. 한미사이언스 계열사인 온라인팜을 통해 전국 약국 등에 유통된다.,https://news.naver.com/main/read.nhn?mode=LS2D&mid=shm&sid1=101&sid2=771&oid=008&aid=0004496026
20201113 오전 11:15,101,771,한미약품 미국간학회서 NASH 치료제 효과 발표,머니투데이 김유경 기자 한미약품이 First in class 세계최초 NASH 비알코올성지방간염 치료제로 개발중인 LAPSTriple Agonist의 연구 결과 3건을 간질환 분야 세계 최대 학회인 미국간학회 AASLD 에서 발표했다고 13일 밝혔다. 한미약품은 지난 8월 유럽 간 전문가들이 참석하는 유럽간학회 EASL 국제간학술대회 ILC 에서도 LAPSTriple Agonist의 임상 및 전임상 데이터를 발표한 바 있다. LAPSTriple Agonist는 체내 에너지 대사량을 증가시키는 글루카곤과 인슐린 분비 및 식욕억제를 돕는 GLP 1 인슐린 분비 및 항염증 작용을 하는 GIP 수용체들을 동시에 활성화하는 삼중작용 바이오신약 후보물질이다. 한미약품은 다양한 동물모델 조직 분석을 통해 LAPSTriple Agonist가 간 내 지방 간염증 및 간섬유화가 복합적으로 작용하는 NASH에 치료 효과가 있음을 미국간학회에서 발표했다. 고지방 식이 및 화학요법 등으로 유도된 간염증 및 간섬유증 모델에서 염증성 사이토카인 발현 감소와 조직학적 염증 및 섬유화 개선 효과를 확인했으며 담즙정체성 담관염 및 간섬유화 유도 모델에서도 직접적인 간섬유화 개선 효능 및 관련 기전을 확인했다고 밝혔다.또한 3건의 포스터 발표에 포함된 모든 모델에서 경쟁약물인 FXR agonist 성분명 오베티콜산 대비 우수한 항섬유화 효능도 확인했다. 권세창 한미약품 사장은 “삼중작용 치료제인 LAPSTriple Agonist는 다양한 NASH 증상을 동시에 타깃하는 혁신적 신약”이라며 “미국과 유럽의 글로벌 최대 규모 학회에서 간 전문가들의 주목을 받는 만큼 조속한 상용화를 위해 최선을 다하겠다”고 말했다.,https://news.naver.com/main/read.nhn?mode=LS2D&mid=shm&sid1=101&sid2=771&oid=008&aid=0004499276
20201120 오전 10:56,101,771,한미약품 4가지 성분 복합신약 식약처 허가,머니투데이 지영호 기자 한미약품이 고혈압 치료성분 2가지와 이상지질혈증 치료성분 2가지를 결합한 4제 복합신약을 개발했다.우종수 한미약품 대표이사는 20일 최근 식품의약품안전처로부터 이같은 4제 복합신약 아모잘탄엑스큐 를 허가받았다 고 밝혔다.한미약품은 2009년 2가지 성분의 고혈압 치료제를 결합한 ‘아모잘탄’을 시작으로 3가지 성분 결합에 이어 4가지 성분의 복합신약 개발까지 성공적으로 마쳤다.4제 복합신약 개발은 한미약품의 십수년간 축적된 제제기술의 산물이다. 한미약품은 각 성분 간 상호작용을 최소화해 안정성을 확보하면서도 약물 크기를 작게 만드는 등의 기술을 개발해왔다. 각 성분마다 체내에서 흡수돼 약효를 발현하는 기전이 다르기 때문에 하나의 약에 담기 위해선 최적의 혁신 제제기술이 적용돼야 한다.김나영 개발·허가 담당 상무는 “두 가지 이상 성분을 결합해 제조하는 복합제는 환자들이 복용해야 하는 약물 숫자를 줄이고 치료 효과를 극대화하는 한편 건강보험 재정 절감에도 기여할 수 있다”고 말했다.한편 한미약품이 개발한 복합신약 ‘아모잘탄’과 ‘로수젯’은 미국 머크를 통해 세계 주요 국가에 수출되고 있다. 특히 이상지질혈증 치료 성분 2가지를 결합한 한미약품의 ‘로수젯’은 올해 3분기까지 727억원의 매출을 달성해 연말까지 1000억원대 매출이 예상된다.우 사장은 “4제 복합신약 허가는 아모잘탄패밀리 라인업 확장이란 의미와 함께 한국 제제기술 경쟁력을 세계에 알리는 계기가 될 것”이라며 “복합신약 성공이 혁신신약 개발로 이어지는 ‘지속가능한 경영’을 위해 최선을 다하겠다”고 말했다.,https://news.naver.com/main/read.nhn?mode=LS2D&mid=shm&sid1=101&sid2=771&oid=008&aid=0004502584
20201127 오전 11:22,101,771,한미약품GC녹십자 ‘희귀질환’ 신약 개발 본격화,리소좀 축적질환 LSD 치료제 개발 이데일리 노희준 기자 한미약품 128940 과 GC녹십자 006280 가 희귀질환 분야의 신약 공동 개발을 본격화한다. 한미약품과 GC녹십자는 유전성 희귀질환인 LSD 리소좀 축적질환 치료를 위한 차세대 혁신신약 공동개발 계약을 체결하고 공동연구에 본격 착수했다고 27일 밝혔다. 양사는 올해 2월 연구개발 R D 협력에 관한 양해각서 MOU 를 체결한 바 있다. 희귀병인 ‘LSD’는 손상된 세포 잔해나 불필요한 물질들을 제거하는 세포기관인 ‘리소좀’이 알 수 없는 이유로 체내에 지속 축적돼 대사질환을 유발하고 사망에까지 이르게 하는 질환이다.LSD로 인한 대사질환 질병은 뮤코다당증 등 50여종에 이르는 것으로 알려져 있다. 국내에는 400여명의 관련 환자가 이 질환으로 고통받고 있다. 현재 LSD 환자는 유전자 재조합 기술로 개발한 효소를 정맥 주사하는 방식인 ERT Enzyme Replacement Therapy 요법으로 주로 치료하고 있다. 하지만 이러한 1세대 치료법은 1 2주에 한번씩 내원해 수시간 동안 정맥주사를 맞아야 하는 불편함이 있다. 양사는 반감기 개선은 물론 복약 편의성을 개선한 차세대 혁신신약 개발을 목표로 이번 공동개발을 추진한다. 한미의 장기 지속형 신약 개발 역량과 녹십자의 희귀질환 ERT 치료제 개발 경험을 바탕으로 후보물질 탐색부터 상업화까지 개발 전 과정을 공동으로 수행할 계획이다.,https://news.naver.com/main/read.nhn?mode=LS2D&mid=shm&sid1=101&sid2=771&oid=018&aid=0004795779
20201127 오전 10:17,101,771,한미약품GC녹십자 유전성 희귀질환 신약 공동개발 본격화,머니투데이 최태범 기자 한미약품은 GC녹십자와 유전성 희귀질환인 리소좀축적질환 LSD 치료를 위한 차세대 혁신신약 공동연구를 본격화한다고 27일 밝혔다. LSD는 손상된 세포 잔해나 불필요한 물질들을 제거하는 세포기관인 리소좀이 알 수 없는 이유로 체내에 지속 축적돼 심각한 대사질환을 유발하고 사망까지 이르게 하는 질환이다. LSD로 인한 대사질환 질병은 뮤코다당증 등 50여종에 이르는 것으로 알려져 있다. 국내에는 400여명의 환자가 이 질환으로 고통 받고 있다. 현재 LSD 환자는 유전자 재조합기술로 개발한 효소를 정맥 주사하는 방식인 ERT Enzyme Replacement Therapy 요법으로 주로 치료한다. 이 같은 1세대 치료법은 1 2주에 한 번씩 내원해 수시간 동안 정맥주사를 맞아야 하는 불편함이 있다. 한미약품과 GC녹십자는 지난 2월 연구개발 R D 협력에 관한 양해각서 MOU 를 체결한 바 있다. 두 회사는 반감기 개선은 물론 복약 편의성을 획기적으로 증대시킨 차세대 혁신신약 개발을 목표로 이번 공동개발을 추진한다. 한미약품의 장기 지속형 신약 개발 역량과 GC녹십자의 희귀질환 ERT 치료제 개발 경험을 바탕으로 후보물질 탐색부터 상업화까지 개발의 모든 과정을 공동으로 수행해 시너지를 극대화 한다는 계획이다. 권세창 한미약품 사장은 한미약품과 GC녹십자는 지난 2월부터 구체적인 협력을 지속해왔다 며 양측의 역량을 극대화해 차별화된 치료제가 개발될 수 있도록 최선을 다하겠다 고 말했다.허은철 GC녹십자 사장은 이번 협력이 환자들 삶에 의미 있는 변화를 만들 수 있기를 기대한다 며 의료수요가 높은 분야를 중심으로 앞으로도 다양한 형태의 협력을 이어가겠다 고 강조했다.,https://news.naver.com/main/read.nhn?mode=LS2D&mid=shm&sid1=101&sid2=771&oid=008&aid=0004506084
20201130 오전 11:25,101,771,한미약품 업계 첫 KICT 정보보호 우수상,머니투데이 최태범 기자 한미약품이 제약바이오 업계 최초로 ‘K ICT 정보보호대상’ 우수상을 받았다고 30일 밝혔다. 올해 19회째를 맞은 K ICT 정보보호 대상은 과학기술정보통신부가 정보보호 인식제고 및 자율적 정보보호를 실천하는 기업과 개인에게 수여하는 상이다. 한미약품은 과기부 평가위원회로부터 3단계에 걸친 심사를 받은 결과 △정보보호 관리 △정보보호 기술의 우수성 △침해사고 대응력 등을 높이 평가받아 제약업계 최초로 수상의 영예를 안았다. 한미약품 관계자는 “최근 증가하고 있는 제약바이오 기업 대상의 사이버 테러와 정보 유출 위협에 대비해 체계적이고 독자적인 정보보호 관리체계를 수립해 이행하고 있다”고 했다. 한미약품은 정보보호를 위한 전담조직 정보보호위원회 을 운영하고 신약 정보 보호를 위한 자체 개발 시스템을 구축해 이번 시상에서 우수한 평가를 받았다. 실제로 정보보호위원회 공식 활동이 시작된 2년 전부터 현재까지 정보보호 위반사항이나 개인정보 유출사고 보안사고가 한 건도 발생하지 않았다. 한미약품은 이번 수상 외에도 2018년 국내 제약업계 최초로 정보보호경영시스템 국제표준 ISO27001 국제정보보호 관리체계 인증을 취득한 바 있다.우종수 한미약품 대표이사는 “글로벌 수준의 정보보호 시스템을 구축해 지속가능한 경영 모델을 확고히 하려는 노력을 이번 시상으로 인정받았다”며 “연구개발 R D 등 다양한 비즈니스 성과가 높은 보안에서 더욱 견고해지도록 최선을 다하겠다”고 했다.,https://news.naver.com/main/read.nhn?mode=LS2D&mid=shm&sid1=101&sid2=771&oid=008&aid=0004506975
