20201116 오후 3:48,101,258,오뚜기 3분기 영업익 596억…전년比 62.8%↑1보, 뉴스1 서울 뉴스1 김종윤 기자 오뚜기는 16일 올해 3분기 영업이익 연결기준 이 지난해 동기보다 62.8% 오른 596억원으로 집계됐다고 공시했다. 같은 기간 매출은 6812억원으로 14% 상승했고 당기순이익은 62% 줄어든 111억원으로 나타났다.,https://news.naver.com/main/read.nhn?mode=LS2D&mid=shm&sid1=101&sid2=258&oid=421&aid=0004993061
20201102 오전 9:22,101,261,오뚜기 3세 함연지 팬트리 갖고 싶다면,G마켓·옥션 오뚜기와 ‘비상식량 팬트리’ 출시오뚜기 신제품 및 스테디셀러 최대 40% 할인 서울경제 오뚜기 007310 3세 함연지씨가 공개한 오뚜기 비상식량 팬트리를 재현할 수 있는 미니 팬트리가 나왔다.G마켓과 옥션을 운영하고 있는 이베이코리아는 오뚜기와 손잡고 한정판 ‘오뚜기 비상식량 팬트리’를 단독으로 선보인다고 2일 밝혔다.이번에 출시한 팬트리는 집에서 먹기 좋은 제품들로 구성된 ‘집콕 팬트리’와 캠핑에 갖고 가기 좋은 ‘캠핑 팬트리’ 2종으로 각각 5 000개씩 총 1만개를 한정 판매한다. 식료품 저장소를 뜻하는 팬트리는 외식 대신 집밥을 선호하는 이들이 온라인에서 대량으로 구매한 가공식품을 깔끔하게 보관할 수 있어 포스트코로나 시대 대표 아이템으로 꼽힌다.집콕 팬트리는 컵누들 진라면컵 열라면컵 참깨라면컵 진짬뽕컵 등 총 7종의 제품 20개로 구성했다. 캠핑 팬트리는 3분 쇠고기카레와 쇠고기짜장 오뚜기 컵밥 오뚜기밥 등 총 20개 제품이 들어가 있다. 이베이코리아 관계자는 “이번에 선보이는 한정판 팬트리 2종은 각각 2단과 3단의 아담한 사이즈로”라며 “주방 또는 침대 옆에 두거나 다양한 물건을 깔끔하게 보관해두는 인테리어 소품용으로 인기를 끌 것으로 보인다”고 말했다.이외에도 이베이코리아는 오뚜기 브랜드관을 통해 인기 상품을 최대 40% 할인가에 판매한다. 스마일클럽 회원에게는 9 900원 이상 구매 시 최대 4 000원까지 할인되는 쿠폰을 일반 고객에게는 9 900원 이상 구매 시 최대 3000원 할인되는 쿠폰을 제공한다. 추천 상품으로 ‘오뚜기밥’ ‘진라면’ ‘오뚜기 냉동피자’ 등이 있다.,https://news.naver.com/main/read.nhn?mode=LS2D&mid=shm&sid1=101&sid2=261&oid=011&aid=0003819383
20201102 오전 9:02,101,261,G마켓x오뚜기…비상식량 팬트리 1만개 한정판매,머니투데이 이재은 기자 오뚜기 인기상품 가득한 ‘비상식량 집콕 팬트리’ ‘비상식량 캠핑 팬트리’ 2종 이베이코리아에서 운영하는 G마켓 옥션의 세일 축제 ‘빅스마일데이’와 ‘오뚜기’가 만났다.2일 이베이코리아에 따르면 ‘빅스마일데이’에 오뚜기가 참여 한정판 굿즈 및 신제품을 단독으로 선보인다. 종류별로 5000개씩 준비해 G마켓과 옥션에서 2일부터 각 1만개씩 한정 수량으로 판매하며 이외에도 오뚜기 브랜드관을 통해 인기 상품을 최대 40% 할인가에 판매한다.빅스마일데이 전용 굿즈로 특별 제작된 제품은 ‘오뚜기 비상식량 팬트리’로 취향이나 구입 목적에 따라 집에서 먹기 좋은 제품들로 구성된 ‘집콕 팬트리’와 캠핑 장소에 갖고가기 좋은 ‘캠핑 팬트리’ 2종으로 출시한다. 각 팬트리에 오뚜기 인기 상품을 채워 선보이며 종류별로 5000개씩 준비해 G마켓과 옥션에서 각 1만개씩 한정 수량으로 판매한다.식료품 저장소를 뜻하는 팬트리는 외식 대신 집밥을 선호하는 이들이 온라인에서 대량으로 구매한 가공식품을 깔끔하게 보관할 수 있어 포스트코로나 시대 대표 아이템으로 꼽힌다. 이번에 선보이는 한정판 팬트리 2종은 각각 2단과 3단의 아담한 사이즈로 주방 또는 침대 옆에 두거나 다양한 물건을 깔끔하게 보관해두는 인테리어 소품용으로 인기를 끌 것으로 보인다.‘집콕 팬트리’는 컵누들 매콤한맛과 우동맛이 5개씩 들어있고 진라면 매운맛 컵 진라면 순한맛 컵 참깨라면 컵 열라면 컵 진짬뽕 컵 5종까지 총 7종의 제품 20개로 구성했다. ‘캠핑 팬트리’는 오뚜기를 대표하는 3분 쇠고기카레와 쇠고기짜장이 각각 3개씩 오뚜기 컵밥 4종 김치참치덮밥 제육덮밥 참치마요 서울식설렁탕국밥 이 각각 2개씩 맛있는 오뚜기밥이 6개로 총 20개 제품이 들어있다. 가격은 ‘집콕 팬트리’가 판매가 2만4500원에서 빅스마일데이 할인을 적용해 최종 1만5600원에 ‘캠핑 팬트리’가 판매가 3만5700원에서 빅스마일데이 할인을 적용해 최종 2만4560원에 판매한다.팬트리 구매자 중 인스타그램 이벤트를 통해 총 20명을 선정하고 오뚜기의 23개 인기 상품이 들어간 ‘빅스마일데이’ 종합세트를 증정한다.이 외 오뚜기 신제품도 할인가에 선보인다. 추천 상품으로 ‘크래프트 카레’ ‘크래프트 짜장’ ‘잎새만두’ ‘오동통면 용기’ ‘빠겟도그’ 등이 있다.빅스마일데이 프로모션 페이지에서 ‘오뚜기 브랜드관’을 클릭하면 각종 스테디셀러를 최대 40% 할인가에 만나볼 수 있다. 오뚜기 브랜드 전용 ‘20% 할인쿠폰’도 제공한다. 스마일클럽 회원에게는 9900원 이상 구매 시 최대 4000원까지 할인되는 쿠폰을 일반 고객에게는 9900원 이상 구매 시 최대 3000원 할인되는 쿠폰을 제공한다. 추천 상품으로 ‘오뚜기밥’ ‘진라면’ ‘오뚜기 냉동피자’ 등이 있다.행사에 대한 자세한 내용은 G마켓 옥션 ‘빅스마일데이’ 행사 페이지에서 ‘오뚜기 브랜드 관’을 통해 확인 가능하다.이베이코리아 마트뷰티실 이상훈 매니저는 “빅스마일데이를 맞아 재미있는 쇼핑 경험을 제공하기 위해 오뚜기와 함께 특별 팬트리를 제작해 선보이게 됐다” 며 “코로나19 시대에 걸맞게 집콕이나 캠핑 시 먹기 좋은 인기 제품들로만 채웠고 팬트리는 인테리어 장식용으로도 좋아 소비자의 폭발적인 관심이 쏠릴 것으로 기대된다”고 말했다.,https://news.naver.com/main/read.nhn?mode=LS2D&mid=shm&sid1=101&sid2=261&oid=008&aid=0004493235
20201113 오후 5:32,101,261,쉽고 간편하게 맛있게…오뚜기 레시피 홈페이지 오’키친 O’Kitchen 오픈,주 오뚜기 대표이사 이강훈 가 다양한 요리를 쉽고 간편하게 따라 만들 수 있는 레시피를 담은 홈페이지 오’키친 O’Kitchen 을 오픈 했다. 오’키친 O’Kitchen 은 ‘오뚜기 키친’의 줄임말로 쉽고 간편하게 따라 할 수 있는 오뚜기의 부엌을 의미하며 요리를 통해 가정의 행복과 건강한 생활이 이뤄지는 ‘스위트홈’을 만들어 가고자 만들어졌다. 오’키친의 레시피는 요리의 종류와 주재료 조리방법 조리도구 등의 카테고리에 따라 분류되어 한 눈에 알아보기 쉽고 편리하다. 요리 초보자들도 쉽게 만들 수 있는 레시피 빠르게 완성되는 스피드 레시피 오뚜기 제품을 더욱 맛있게 먹을 수 있는 꿀조합 레시피 등 다양한 상황에 어울리는 오뚜기 추천 레시피를 누구나 쉽게 따라 할 수 있도록 구성했다. 각 레시피에는 조리시간 준비시간 인분 수 영양정보를 비롯한 각종 정보는 물론 레시피를 다른 사람과 공유하기 쉽도록 링크 메일 등의 태그 기능을 추가하여 레시피 제안의 폭을 넓혔다. 또한 요리에 사용된 오뚜기 제품을 쉽게 구매할 수 있도록 클릭하면 ‘오뚜기몰’의 해당 제품 판매 페이지로 바로 연결되어 더욱 편리하게 구매가 가능하다. 레시피 검색은 제품명이나 재료 조리방법 조리도구 등으로 검색이 가능하며 특히 계절이나 캠핑 생일 파티 등 상황 맞춤형 레시피 검색이 가능하여 사용자들에게 좋은 호응을 얻고 있다. 오’키친의 레시피는 오뚜기 연구원과 셰프 마케터들의 추천과 설문조사를 통한 120품의 레시피를 기본으로 지속적인 업데이트를 통해 더욱 풍성하게 채워나갈 예정이다. ㈜오뚜기 관계자는 “다양한 요리를 쉽고 간편하게 만들며 요리를 통한 스위트홈을 구현하고자 하는 바램으로 레시피 홈페이지 ‘오’키친’을 오픈 했다”고 말했다.,https://news.naver.com/main/read.nhn?mode=LS2D&mid=shm&sid1=101&sid2=261&oid=025&aid=0003052144
20201113 오전 10:01,101,261,오뚜기 레시피 홈페이지 오키친 오픈,서울 뉴시스 김동현 기자 오뚜기는 다양한 요리를 쉽고 간편하게 따라 만들 수 있는 레시피를 담은 홈페이지 오 키친 O Kitchen 을 오픈했다고 13일 밝혔다.오 키친은 오뚜기 키친 의 줄임말로 쉽고 간편하게 따라 할 수 있는 오뚜기의 부엌을 의미한다. 요리를 통해 가정의 행복과 건강한 생활이 이뤄지는 스위트홈 을 만들어 가고자 만들어졌다. 오 키친의 레시피는 요리의 종류와 주재료 조리방법 조리도구 등의 카테고리에 따라 분류되어 한 눈에 알아보기 쉽고 편리하다. 요리 초보자들도 쉽게 만들 수 있는 레시피 빠르게 완성되는 스피드 레시피 오뚜기 제품을 더욱 맛있게 먹을 수 있는 꿀조합 레시피 등 다양한 상황에 어울리는 오뚜기 추천 레시피를 누구나 쉽게 따라 할 수 있도록 구성했다.각 레시피에는 조리시간 준비시간 인분 수 영양정보를 비롯한 각종 정보는 물론 레시피를 다른 사람과 공유하기 쉽도록 링크 메일 등의 태그 기능을 추가해 레시피 제안의 폭을 넓혔다. 또 요리에 사용된 오뚜기 제품을 쉽게 구매할 수 있도록 클릭하면 오뚜기몰 의 해당 제품 판매 페이지로 바로 연결돼 더욱 편리하게 구매가 가능하다. 오뚜기 관계자는 다양한 요리를 쉽고 간편하게 만들며 요리를 통한 스위트홈을 구현하고자 하는 바람으로 레시피 홈페이지 오 키친을 오픈했다 고 말했다.,https://news.naver.com/main/read.nhn?mode=LS2D&mid=shm&sid1=101&sid2=261&oid=003&aid=0010183362
20201114 오전 3:13,101,261,오뚜기 레시피 홈페이지 오’키친 오픈,오뚜기는 다양한 요리 조리법을 담은 홈페이지 오’키친 O’Kitchen 을 열었다고 13일 밝혔다. 오’키친 O’Kitchen 은 ‘오뚜기 키친’의 줄임말이다. 쉽고 간편하게 따라 할 수 있는 오뚜기의 부엌을 의미한다. 오’키친의 조리법은 요리의 종류와 주재료 조리방법 조리도구 등의 카테고리에 따라 분류해 한 눈에 알아볼 수 있다. △요리 초보자들도 쉽게 만들 수 있는 조리법 △빠르게 완성하는 스피드 조리법 △오뚜기 제품을 더욱 맛있게 먹을 수 있는 조리법 등 다양한 상황에 어울리는 오뚜기 추천 조리법을 누구나 쉽게 따라 할 수 있도록 구성했다. 각 조리법에는 조리시간 준비시간 인분 수 영양정보를 비롯한 각종 정보를 기재했다. 조리법을 다른 사람과 공유하기 쉽도록 링크 메일 등의 태그 기능을 추가했다. 요리에 사용된 오뚜기 제품을 쉽게 구매할 수 있도록 클릭하면 ‘오뚜기몰’의 해당 제품 판매 페이지로 바로 연결돼 더욱 편리하게 구매가 가능하다. 조리법 검색은 제품명이나 재료 조리방법 조리도구 등으로 검색이 가능하다. 특히 계절이나 캠핑 생일 파티 등 상황 맞춤형 조리법 검색이 가능해 사용자들에게 좋은 호응을 얻고 있다. 오’키친의 레시피는 오뚜기 연구원과 셰프 마케터들의 추천과 설문조사를 진행해 120개의 조리법을 기본으로 지속적인 업데이트를 통해 더욱 풍성하게 채워나갈 예정이다.,https://news.naver.com/main/read.nhn?mode=LS2D&mid=shm&sid1=101&sid2=261&oid=022&aid=0003523133
20201116 오후 5:44,101,261,글로벌 간편식 된 K푸드 덕에···농심·오뚜기·대상 높이 날았다,3분기 실적 살펴보니농심 신라면 블랙 전세계서 인기전년比 매출 10%·영업익 57%↑오뚜기 14%·대상 6% 매출 껑충 서울경제 신종코로나바이러스 코로나19 를 거치며 글로벌 간편식으로 급부상한 농심이 3·4분기에도 전년 대비 10.4% 늘어난 6 514억 7 700만원의 매출을 기록하며 고공행진을 이어갔다. 농심뿐 아니라 오뚜기와 대상 역시 전년 대비 14.1%의 매출 상승을 그리며 한 단계 업그레이드 된 ‘K 푸드’의 위상을 보여줬다.16일 농심이 공시한 자료에 따르면 농심은 올해 3·4분기 매출액은 전년 동기 대비 10.4% 증가한 6 514억 7 784만원이다. 영업이익은 전년 동기 대비 57% 늘어난 293억 1 806만원을 기록했다. 3·4분기 국내에선 코로나19 확진자수가 감소해 ‘코로나 특수’를 2·4분기 대비 누리지 못할 것이란 전망을 깨고 기록한 ‘호실적’이다. 특히 해외 실적이 눈부셨다. 농심 미국법인은 3·4분기 기준 2 555억원의 매출을 기록해 전년 대비 약 30% 가까운 성장을 기록했다. 농심 관계자는 “2017년 세계 최대 유통사 월마트 전점 입점을 시작으로 코스트코 크로거 등 메인 유통사를 중심으로 매출 확대에 나선 결과가 반영된 것”이라고 설명했다. 업계 관계자는 “코로나19를 거치면서 그간 간식으로 여겨왔던 라면이 식사 대용으로 평가 받으면서 신라면뿐 아니라 한국 라면의 인기가 전반적으로 높아지고 있다”고 밝혔다.진라면의 오뚜기도 3·4분기 역시 고성장을 이어나갔다. 오뚜기는 3·4분기 매출이 전년 동기 대비 14.1% 상승한 6 812억 9 900만원을 기록했다고 밝혔다. 영업이익은 62.8% 늘어난 596억원을 달성했다. 농심과 마찬가지로 오뚜기 역시 진라면 등 면제 품류가 매출 상승을 견인했다. 오뚜기의 면제품류는 12.1% 1 548억원의 매출을 달성했다. 오뚜기도 국내뿐 아니라 해외 매출 역시 두 자릿수 이상 성장했다. 국내의 매출 성장률은 14.2% 해외 부분의 매출성장률은 13%대를 보였다. 오뚜기 관계자는 “해외 매출 비중이 올해 10%를 넘는 등 코로나19를 거치며 국내뿐 아니라 해외 매출의 상승 폭 역시 가파르다”며 “국내에선 라면 2위 브랜드인 진라면이 자리를 유지하고 있어 4·4분기 역시 긍정적”이라고 밝혔다. 안주야 등을 출시하며 가정간편식의 강자로 떠오른 대상 역시 3·4분기 6.6% 늘어난 8 362억원의 매출과 35.4% 늘어난 573억원의 영업이익을 기록했다. 대상 청정원 관계자는 “올해 홈술족과 혼밥족의 증가로 내놓는 신제품마다 반응이 좋다”며 “안주야 ‘홈펍 Home pub ’라인을 새로 출시했는데 반응이 좋다. 4·4분기 흐름도 긍정적”이라고 전망했다.,https://news.naver.com/main/read.nhn?mode=LS2D&mid=shm&sid1=101&sid2=261&oid=011&aid=0003826969
20201117 오전 10:47,101,261,신상품라운지우유 넣고 흔들…오뚜기 쉐이크앤팬 핫케이크 믹스,머니투데이 이영민 기자 오뚜기가 우유를 넣어 흔들어서 반죽해 만드는 새로운 핫케이크 믹스 제품인 쉐이크앤팬 핫케이크 믹스 4종을 출시했다고 17일 밝혔다. 쉐이크앤팬 핫케이크 믹스 는 기존 핫케이크 믹스 제품 사용시 필요했던 거품기 반죽그릇 필요 없이 우유만 부어 흔들어서 반죽해 만드는 제품이다. 우유를 붓고 흔들어 섞어서 반죽을 만들고 프라이팬에 부어 굽기만 하면 간편하게 핫케이크를 만들 수 있다. 제품 측면 투명창의 우유 붓는 선에 정확하고 간편하게 계량할 수 있어 조리부터 설거지까지 더욱 간편하다. 쉐이크앤팬 핫케이크 믹스 는 기존 핫케이크 믹스의 큰 용량이 부담되던 사람도 간편하게 섭취 가능한 지름 12㎝ 3장 분량으로 출시됐다. 권장 조리법인 우유로 조리할 시 단백질 일일 권장량의 27% 이상 식이섬유 또한 6g 이상 섭취할 수 있다. 제품은 총 4가지 맛으로 출시됐다. △정통의 오뚜기 핫케이크 믹스 맛 그대로 향긋한 바닐라와 부드러운 크림이 조화를 이루는 쉐이크앤팬 핫케이크 믹스 오리지널 △고소하고 건강한 맛의 20가지 곡물을 함유하여 찰보리 발아현미 등으로 건강한 맛을 낸 쉐이크앤팬 핫케이크 믹스 20가지 곡물 △바나나의 향긋함을 맛있는 핫케이크와 함께 느낄 수 있는 쉐이크앤팬 핫케이크 믹스 바나나 △체다 치즈의 고소한 풍미와 핫케이크의 조화가 일품인 쉐이크앤팬 핫케이크 믹스 치즈 등이다.오뚜기 관계자는 쉐이크앤팬 핫케이크 믹스 는 복잡한 조리과정 없이 우유만 부어 흔들어 반죽해 핫케이크를 만들 수 있다 며 다양한 맛으로 간편하고 재미있게 맛있는 핫케이크를 즐길 수 있을 것 이라고 말했다.,https://news.naver.com/main/read.nhn?mode=LS2D&mid=shm&sid1=101&sid2=261&oid=008&aid=0004500703
20201117 오전 9:35,101,261,오뚜기 쉐이크앤팬 핫케이크 믹스 4종 출시,서울 뉴시스 김동현 기자 오뚜기는 핫케이크 믹스 제품인 쉐이크앤팬 핫케이크 믹스 4종을 출시했다고 17일 밝혔다.쉐이크앤팬 핫케이크 믹스는 우유를 붓고 흔들어 섞어서 반죽을 만들고 프라이팬에 부어 굽기만 하면 간편하게 핫케이크를 만들 수 있다. 기존 핫케이크 믹스의 큰 용량이 부담되던 사람도 간편하게 섭취 가능한 지름 12㎝ 3장 분량으로 출시됐다. 권장 조리법인 우유로 조리할 시 단백질 일일 권장량의 27% 이상 식이섬유 또한 6g 이상 섭취할 수 있다. 오뚜기 관계자는 복잡한조리과정 없이 우유만 부어 흔들어 반죽하는 쉐이크앤팬 핫케이크 믹스 4종을 출시했다 며 다양한 맛으로 간편하고 재미있게 맛있는 핫케이크를 즐길 수 있을 것 이라고 말했다.,https://news.naver.com/main/read.nhn?mode=LS2D&mid=shm&sid1=101&sid2=261&oid=003&aid=0010188892
20201119 오전 9:11,101,261,오뚜기 50주년 기념 산타컵스프 선봬,서울 뉴시스 최지윤 기자 오뚜기가 산타컵스프 를 내놨다. 1970년 출시한 산타 포타지·크림스프 를 컵스프로 재해석했다. 오뚜기스프 출시 50주년을 기념하는 한정판이다. 풍부한 크림과 야채스톡의 은은한 풍미를 살렸다. 뜨거운 물만 부어 편하게 먹을 수 있다. 1970년대 산타스프의 레트로 패키지 디자인을 그대로 살렸다.11번가에서 오뚜기 레트로 시리즈 기획팩을 1000세트 한정 판매한다. 산타컵스프와 레트로 3분 시리즈’ ‘레트로 TV 스마트폰 확대 스크린 등으로 구성한다.,https://news.naver.com/main/read.nhn?mode=LS2D&mid=shm&sid1=101&sid2=261&oid=003&aid=0010194011
20201127 오전 10:00,101,261,잡코리아 오뚜기와 한정판 뿌셔뿌셔 굿즈 제작…경품 이벤트,취업 플랫폼인 잡코리아는 오뚜기와 한정판 뿌셔뿌셔 한정판 취업뿌셔 담요 쿠션 등 굿즈를 제작해 경품 이벤트를 연다고 27일 밝혔다. 이번 행사는 코로나19 장기화로 구직 스트레스를 받는 취업준비생과 직장인을 응원하고자 마련했다. 이벤트는 경품에 따라 총 2회로 나눠 진행한다. 1차 이벤트는 내달 2일까지 열리며 매일 200명에게 한정판 뿌셔뿌셔 1박스 를 증정한다. 한정판 뿌셔뿌셔 1박스 는 취업·면접·월요병·이직 뿌셔 4종 콜라보 디자인으로 만든 뿌셔뿌셔와 스트레스 해소용 커스텀 스티커로 구성했다. 내달 3∼7일까지 열리는 2차 이벤트에서는 매일 30명에게 한정판 취업뿌셔 담요 쿠션 을 준다. 이벤트 참여는 하루 2회씩 잡코리아 모바일 앱에서 할 수 있다. 잡코리아×오뚜기 스트레스 뿌셔 이벤트 페이지의 취업뿌셔 버튼을 클릭해 참여하면 된다. 잡코리아 관계자는 이번 행사는 당첨 결과를 즉시 확인할 수 있는 즉석 당첨 이벤트 라며 더 많은 취준생과 직장인에게 참여 기회를 제공하고자 1차 이벤트 당첨자도 2차 이벤트에 참여할 수 있도록 했다 고 말했다. 자세한 정보는 잡코리아 앱 잡코리아×오뚜기 스트레스 뿌셔 이벤트 페이지에서 확인할 수 있다.,https://news.naver.com/main/read.nhn?mode=LS2D&mid=shm&sid1=101&sid2=261&oid=001&aid=0012043892
20201127 오전 8:17,101,261,잡코리아 오뚜기와 협업...‘한정판 뿌셔뿌셔’ 출시,잡코리아X오뚜기 ‘스트레스 뿌셔’ 이벤트 마련‘한정판 취업뿌셔 담요쿠션’ 굿즈도 제작 서울 뉴시스 김종민 기자 잡코리아가 오뚜기와 함께 ‘한정판 뿌셔뿌셔’와 ‘한정판 취업뿌셔 담요쿠션’ 등 굿즈를 제작해 경품이벤트를 마련했다.잡코리아는 올해 코로나19 사태의 장기화로 구직 스트레스를 받고 있는 취준생과 직장인을 응원하기 위해 오뚜기와 함께 ‘한정판 뿌셔뿌셔’와 ‘한정판 취업뿌셔 담요쿠션’ 등 굿즈를 제작해 경품이벤트를 개최한다고 27일 밝혔다.이번 이벤트는 경품에 따라 총 2회로 나눠 진행한다. 1차 이벤트는 11월27일부터 12월 2일까지 진행하며 매일 200명에게 즉석 당첨으로 ‘한정판 뿌셔뿌셔 1박스’를 증정한다. ‘한정판 뿌셔뿌셔 1박스’는 취업뿌셔 면접뿌셔 월요병뿌셔 이직뿌셔 총 4종의 콜라보 디자인으로 제작된 뿌셔뿌셔와 스트레스 해소용 커스텀 스티커로 구성되어 있다. 그리고 2차 이벤트는 12월3일부터 7일까지 진행하며 매일 30명에게 즉석 당첨으로 ‘한정판 취업뿌셔 담요쿠션’을 증정한다.이벤트 참여는 잡코리아 모바일 앱에서 할 수 있으며 ‘잡코리아x오뚜기 스트레스 뿌셔 이벤트’ 페이지의 ‘취업뿌셔’ 버튼 클릭으로 참여할 수 있다. 이번 이벤트는 매일 하루 2회 참여할 수 있고 참여 즉시 당첨 결과를 확인할 수 있다. 또 더 많은 취준생과 직장인들에게 참여 기회를 제공하고자 1차 이벤트 당첨자도 2차 이벤트에 참여할 수 있도록 준비했다.,https://news.naver.com/main/read.nhn?mode=LS2D&mid=shm&sid1=101&sid2=261&oid=003&aid=0010209595
20201101 오후 5:21,101,310,평판의 힘…오뚜기 2년 연속 1위,한경 기업 소셜임팩트 분석평판이 기업명운 가른다2020 한경 입소스 피앰아이 기업 소셜임팩트 조사오뚜기 진라면은 라면 시장 2위 브랜드다. 지난해 말 기준 시장 점유율 판매량 기준 14.6%로 농심 신라면 15.5% 을 턱밑까지 추격 중이다. 농심의 ‘30년 아성’을 위협하는 오뚜기의 비밀 병기는 ‘소셜임팩트’. 오뚜기는 지난해에 이어 올해도 라면 부문에서 ‘가장 신뢰하는 브랜드’ 1위에 올랐다.한국경제신문은 지난 7월 10월 두 차례에 걸쳐 남녀 1만 명을 대상으로 온라인 설문조사 형태로 ‘2020 한경 입소스 피앰아이 기업 소셜임팩트 조사 CSIS ’를 시행했다. 그 결과 50개 업종에서 브랜드별 사회적 평판의 명암이 여실히 드러났다. 소셜임팩트는 소비자가 기업의 사회적 평판을 가늠하는 지표로 투자자 입장에서 기업을 평가하는 ESG 환경·사회·지배구조 지수와 함께 가장 중요한 기업 평가 잣대로 꼽힌다.현대자동차 내연·친환경 자동차 부문 와 SK텔레콤 5세대 이동통신 삼성페이 모바일 결제 삼성생명 생명보험 호텔신라 럭셔리 호텔 신세계 백화점 배달의민족 배달앱 스타벅스 커피 전문점 참이슬 소주 제주 삼다수 생수 하나투어 여행 유한양행 제약 등이 시장을 리드하며 좋은 평판 소셜임팩트 을 유지하는 기업군으로 분류됐다.농심과 오뚜기처럼 시장 1위 농심 와 소셜임팩트 1위 오뚜기 가 갈린 업종도 있다. 어느 기업을 신뢰하느냐는 질문에 응답자 절반 46.7% 이 오뚜기를 선택했다. ‘갓뚜기’가 신라면을 역전할 시점이 머지않았다는 전망이 나오는 근거다. 신종 코로나바이러스 감염증 코로나19 방역에 올해 3000억원을 투자하고 1만5000여 명을 신규 채용한 쿠팡이 거래액 기준으로 시장 1위인 네이버를 소셜임팩트 조사에서 제친 것도 같은 맥락이다.,https://news.naver.com/main/read.nhn?mode=LS2D&mid=shm&sid1=101&sid2=310&oid=015&aid=0004441480
20201102 오후 2:38,101,310,G마켓·옥션 오뚜기와 비상식량 팬트리 단독 출시,G마켓과 옥션은 빅스마일데이에 오뚜기와 함께 한정판 굿즈 및 신제품을 단독으로 선보인다. 종류별로 5000개씩 준비해 G마켓과 옥션에서 2일부터 각 1만개씩 한정 수량으로 판매한다.이베이코리아에서 운영하는 G마켓 옥션 빅스마일데이 에 오뚜기가 참여 한정판 굿즈 및 신제품을 단독으로 선보인다. 종류별로 5000개씩 준비해 G마켓과 옥션에서 2일부터 각 1만개씩 한정 수량으로 판매하며 이외에도 오뚜기 브랜드관을 통해 인기 상품을 최대 40% 할인가에 판매한다.빅스마일데이 전용 굿즈로 특별 제작된 제품은 오뚜기 비상식량 팬트리 로 취향이나 구입 목적에 따라 집에서 먹기 좋은 제품들로 구성된 집콕 팬트리 와 캠핑 장소에 가지고 가기 좋은 캠핑 팬트리 2종으로 출시한다. 각 팬트리에 오뚜기 인기 상품을 채워 선보이며 종류별로 5000개씩 준비해 G마켓과 옥션에서 각 1만개씩 한정 수량으로 판매한다. 집콕 팬트리 는 컵누들 매콤한맛과 우동맛이 5개씩 들어있고 진라면 매운맛 컵 진라면 순한맛 컵 참깨라면 컵 열라면 컵 진짬뽕 컵 5종까지 총 7종의 제품 20개로 구성했다. 캠핑 팬트리 는 오뚜기를 대표하는 3분 쇠고기카레와 쇠고기짜장이 각각 3개씩 오뚜기 컵밥 4종 김치참치덮밥·제육덮밥·참치마요·서울식설렁탕국밥 이 각각 2개씩 맛있는 오뚜기밥이 6개로 총 20개 제품이 들어있다. 가격은 집콕 팬트리 가 판매가 2만4500원에서 빅스마일데이 할인을 적용해 최종 1만5600원에 캠핑 팬트리 가 판매가 3만5700원에서 빅스마일데이 할인을 적용해 최종 2만4560원에 판매한다.팬트리 구매자 중 인스타그램 이벤트를 통해 총 20명을 선정하고 오뚜기의 23개 인기 상품이 들어간 빅스마일데이 종합세트를 증정한다.이 외 오뚜기 신제품도 할인가에 선보인다. 추천 상품으로 크래프트 카레 크래프트 짜장 잎새만두 오동통면 용기 빠겟도그 등이 있다.행사에 대한 자세한 내용은 G마켓 옥션 빅스마일데이 행사 페이지에서 오뚜기 브랜드 관 을 통해 확인 가능하다.이상훈 이베이코리아 마트뷰티실 매니저는 “빅스마일데이를 맞아 재미있는 쇼핑 경험을 제공하기 위해 오뚜기와 함께 특별 팬트리를 제작해 선보이게 됐다”며 “코로나19 시대에 걸맞게 집콕이나 캠핑 시 먹기 좋은 인기 제품들로만 채웠고 팬트리는 인테리어 장식용으로도 좋아 소비자의 폭발적인 관심이 쏠릴 것으로 기대된다”고 말했다.,https://news.naver.com/main/read.nhn?mode=LS2D&mid=shm&sid1=101&sid2=310&oid=030&aid=0002910807
20201102 오전 9:03,101,310,G마켓·옥션 오뚜기와 ‘비상식량 팬트리’ 단독 출시,오뚜기 신제품 및 스테디셀러 최대 40% 할인빅스마일데이 맞아 오뚜기 인기상품 2종 선봬 잎새 만두 등 신제품 선봬 할인 쿠폰도 증정오뚜기 비상식량 팬트리. 사진 이베이코리아 이데일리 이윤화 기자 연중 최대 쇼핑축제 ‘빅스마일데이’와 ‘오뚜기’가 만났다.이베이코리아에서 운영하는 G마켓 옥션은 ‘빅스마일데이’에 오뚜기와 함께 한정판 굿즈 및 신제품을 단독으로 선보인다고 2일 밝혔다. 종류별로 5000개씩 준비해 G마켓과 옥션에서 11월 2일부터 각 1만개씩 한정 수량으로 판매한다. 이외에도 오뚜기 브랜드관을 통해 인기 상품을 최대 40% 할인가에 판매한다.빅스마일데이 전용 굿즈로 특별 제작된 제품은 ‘오뚜기 비상식량 팬트리’로 취향이나 구입 목적에 따라 집에서 먹기 좋은 제품들로 구성된 ‘집콕 팬트리’와 캠핑 장소에 갖고가기 좋은 ‘캠핑 팬트리’ 2종으로 출시한다. 각 팬트리에 오뚜기 인기 상품을 채워 선보이며 종류별로 5000개씩 준비해 G마켓과 옥션에서 각 1만개씩 한정 수량으로 판매한다.식료품 저장소를 뜻하는 팬트리는 외식 대신 집밥을 선호하는 이들이 온라인에서 대량으로 구매한 가공식품을 깔끔하게 보관할 수 있어 포스트코로나 시대 대표 아이템으로 꼽힌다. 이번에 선보이는 한정판 팬트리 2종은 각각 2단과 3단의 아담한 사이즈로 주방 또는 침대 옆에 두거나 다양한 물건을 깔끔하게 보관해두는 인테리어 소품용으로 인기를 끌 것으로 보인다.‘집콕 팬트리’는 컵누들 매콤한맛과 우동맛이 5개씩 들어있고 진라면 매운맛 컵 진라면 순한맛 컵 참깨라면 컵 열라면 컵 진짬뽕 컵 5종까지 총 7종의 제품 20개로 구성했다. ‘캠핑 팬트리’는 오뚜기를 대표하는 3분 쇠고기카레와 쇠고기짜장이 각각 3개씩 오뚜기 컵밥 4종 김치참치덮밥·제육덮밥·참치마요·서울식설렁탕국밥 이 각각 2개씩 맛있는 오뚜기밥이 6개로 총 20개 제품이 들어있다. 가격은 ‘집콕 팬트리’가 판매가 2만4500원에서 빅스마일데이 할인을 적용해 최종 1만5600원에 ‘캠핑 팬트리’가 판매가 3만5700원에서 빅스마일데이 할인을 적용해 최종 2만4560원에 판매한다.팬트리 구매자 중 인스타그램 이벤트를 통해 총 20명을 선정하고 오뚜기의 23개 인기 상품이 들어간 ‘빅스마일데이’ 종합세트를 증정한다.이 외에도 오뚜기 신제품도 할인가에 선보인다. 추천 상품으로 ‘크래프트 카레’ ‘크래프트 짜장’ ‘잎새만두’ ‘오동통면 용기’ ‘빠겟도그’ 등이 있다.빅스마일데이 프로모션 페이지에서 ‘오뚜기 브랜드관’을 클릭하면 각종 스테디셀러를 최대 40% 할인가에 만나볼 수 있다. 오뚜기 브랜드 전용 ‘20% 할인쿠폰’도 제공한다. 스마일클럽 회원에게는 9900원 이상 구매 시 최대 4000원까지 할인되는 쿠폰을 일반 고객에게는 9900원 이상 구매 시 최대 3000원 할인되는 쿠폰을 제공한다. 추천 상품으로 ‘오뚜기밥’ ‘진라면’ ‘오뚜기 냉동피자’ 등이 있다.행사에 대한 자세한 내용은 G마켓 옥션 ‘빅스마일데이’ 행사 페이지에서 ‘오뚜기 브랜드 관’을 통해 확인 가능하다.이상훈 이베이코리아 마트뷰티실 매니저는 “빅스마일데이를 맞아 재미있는 쇼핑 경험을 제공하기 위해 오뚜기와 함께 특별 팬트리를 제작해 선보이게 됐다” 며 “코로나19 시대에 걸맞게 집콕이나 캠핑 시 먹기 좋은 인기 제품들로만 채웠고 팬트리는 인테리어 장식용으로도 좋아 소비자의 폭발적인 관심이 쏠릴 것으로 기대된다”고 말했다.,https://news.naver.com/main/read.nhn?mode=LS2D&mid=shm&sid1=101&sid2=310&oid=018&aid=0004775002
20201102 오전 8:02,101,310,G마켓·옥션 오뚜기와 맞손…비상식량 팬트리 단독 출시,오뚜기 신제품 및 스테디셀러 최대 40% 할인 아이뉴스24 이연춘 기자 연중 최대 쇼핑축제 ‘빅스마일데이’와 ‘오뚜기’가 만났다.이베이코리아에서 운영하는 G마켓과 옥션은 빅스마일데이 에 오뚜기와 손잡고 한정판 굿즈 및 신제품을 단독으로 선보인다고 2일 밝혔다.종류별로 5천개씩 준비해 G마켓과 옥션에서 11월 2일부터 각 1만개씩 한정 수량으로 판매하며 이외에도 오뚜기 브랜드관을 통해 인기 상품을 최대 40% 할인가에 판매한다. G마켓 빅스마일데이 전용 굿즈로 특별 제작된 제품은 오뚜기 비상식량 팬트리 로 취향이나 구입 목적에 따라 집에서 먹기 좋은 제품들로 구성된 집콕 팬트리 와 캠핑 장소에 갖고가기 좋은 캠핑 팬트리 2종으로 출시한다. 각 팬트리에 오뚜기 인기 상품을 채워 선보이며 종류별로 5천개씩 준비해 G마켓과 옥션에서 각 1만개씩 한정 수량으로 판매한다.식료품 저장소를 뜻하는 팬트리는 외식 대신 집밥을 선호하는 이들이 온라인에서 대량으로 구매한 가공식품을 깔끔하게 보관할 수 있어 포스트코로나 시대 대표 아이템으로 꼽힌다. 이번에 선보이는 한정판 팬트리 2종은 각각 2단과 3단의 아담한 사이즈로 주방 또는 침대 옆에 두거나 다양한 물건을 깔끔하게 보관해두는 인테리어 소품용으로 인기를 끌 것으로 보인다.이상훈 이베이코리아 마트뷰티실 매니저는 빅스마일데이를 맞아 재미있는 쇼핑 경험을 제공하기 위해 오뚜기와 함께 특별 팬트리를 제작해 선보이게 됐다 며 코로나19 시대에 걸맞게 집콕이나 캠핑 시 먹기 좋은 인기 제품들로만 채웠고 팬트리는 인테리어 장식용으로도 좋아 소비자의 폭발적인 관심이 쏠릴 것으로 기대된다 고 말했다.,https://news.naver.com/main/read.nhn?mode=LS2D&mid=shm&sid1=101&sid2=310&oid=031&aid=0000565839
20201111 오후 3:16,101,310,오뚜기 국물 맛 참 좋쥬…30여년간 60억 봉지 팔린 진라면,방송광고진흥공사 소비자 조사가장 자주 구매한 라면 1위진한 국물맛·부드러운 면발 인기젊은층 겨냥한 스타 마케팅 류현진 이어 백종원 모델 화제한국방송광고진흥공사는 지난 5월 국내 봉지라면에 대한 소비자 행태 조사를 시행했다. ‘국내 봉지라면 중 가장 자주 사먹는 라면은 무엇인가’란 질문에 가장 많은 26.4%가 오뚜기 진라면이라고 답했다. 진라면은 1988년 처음 출시된 이후 올 상반기까지 누적 60억 봉지를 팔았다. 국내 5000만 인구가 1인당 120개씩 소비한 셈이다.오뚜기 관계자는 “진한 국물을 좋아하는 한국인의 입맛을 잘 반영한 것이 인기 비결”이라며 “매년 나트륨 함량을 줄이고 국물 맛을 진하게 우려내기 위해 좋은 재료를 아낌없이 담는 등 맛을 개선하고 있다”고 설명했다.‘국물이 진한 라면’이라는 의미를 가진 진라면은 진한 국물 맛과 잘 퍼지지 않는 쫄깃하고 부드러운 면발이 특징이다. 순한맛과 매운맛을 선택할 수 있어 다양한 연령층에서 인기가 높은 ‘국민라면’으로 자리잡았다.진라면은 서울올림픽이 열린 1988년 탄생했다. 개발 당시 가장 한국적인 라면을 개발하는 데 초점을 뒀다. 오뚜기는 2005년부터 소비자의 건강과 다양한 기호를 반영해 지속적으로 제품을 개선했다. 나트륨 함량을 줄이고 기존에 없던 소고기맛 플레이크 당근 대파 버섯 등 건더기 양을 늘렸다. 자극적이지 않으면서도 매운맛을 내기 위한 연구 끝에 하늘초 고추를 찾아내 매운 맛을 강화했다. 국물 맛의 균형을 맞추기 위해 라면수프 소재를 다양화했고 밀단백을 추가해 식감을 개선했다. 오뚜기 라면은 2012년부터 국내 라면시장 2위 자리를 지키고 있다. 오뚜기 관계자는 “라면의 맛과 품질에 대한 끊임없는 연구를 통해 현재의 진라면이 탄생했다”고 말했다.진라면은 라면을 주로 소비하는 젊은 층을 대상으로 마케팅을 강화했다. 미국 메이저리그 스타 류현진 선수를 모델로 썼다. ‘류현진 라면’이라는 CF송은 초등학생부터 어른까지 회자될 정도로 인기를 끌었다. 류 선수의 모델 기용으로 진라면 판매량은 크게 늘었다. 가성비를 중요하게 생각하는 젊은 소비자를 겨냥해 가격은 2008년부터 12년째 동결하고 있다.오뚜기는 젊은 소비자와의 소통도 강조하고 있다. 2012년부터 진라면 대학생 서포터즈 ‘진앤지니’를 운영하고 있다. 2018년엔 진라면 출시 30주년을 기념해 진라면 브랜드 홈페이지를 개설했다. 홈페이지 개설과 함께 진라면 30주년 축하메시지 남기기 진라면 30주년 기념 영상 SNS 공유하기 진라면과 함께한 즐겁고 맛있는 인증샷 남기기 등의 이벤트를 진행하기도 했다. 올해는 백종원 더본코리아 대표를 모델로 내세웠다.올해 7월엔 라면 포장 디자인을 바꿨다. ‘진라면 한 그릇이 주는 맛의 즐거움’을 시각적으로 표현했다. 매운맛은 빨간색 순한맛은 파란색을 사용해 소비자들이 두 가지 맛을 쉽게 구분할 수 있도록 했다. 패키지 전면에는 먹음직스러운 진라면의 이미지를 크게 배치했다.오뚜기 관계자는 “진라면의 새로운 변화와 도전을 통해 오뚜기의 브랜드 가치를 높일 것”이라고 말했다.,https://news.naver.com/main/read.nhn?mode=LS2D&mid=shm&sid1=101&sid2=310&oid=015&aid=0004447924
20201113 오전 11:47,101,310,오뚜기 제품 조리법 모아 오’키친 O’Kitchen 오픈,조리법 화면서 ‘오뚜기몰’ 바로 연결오뚜기 오치킨 사진제공 오뚜기 헤럴드경제 김빛나 기자 오뚜기가 13일 자사 제품을 활용해 누구나 쉽게 음식을 만들 수 있도록 한 조리법 홈페이지 오’키친 O’Kitchen 을 열었다.오’키친 O’Kitchen 은 누구나 쉽게 따라 할 수 있는 오뚜기의 부엌을 뜻하는 ‘오뚜기 키친’의 줄임말이다.오뚜기는 오키친 홈페이지에 요리의 종류와 주 재료 조리방법 등의 유형에 따라 한 눈에 알아보기 쉽게 조리법을 정리했다. ‘요리 초보자들도 쉽게 만들 수 있는 레시피’ ‘빠르게 완성되는 스피드 레시피’ ‘오뚜기 제품을 더욱 맛있게 먹을 수 있는 꿀조합 레시피 ’등 다양한 상황에 어울리는 오뚜기 추천 요리를 누구나 쉽게 따라 할 수 있도록 구성했다.또 요리에 사용된 오뚜기 제품을 쉽게 구매할 수 있도록 제품을 클릭하면 ‘오뚜기몰’ 바로 연결되도록 화면을 구성했다.오뚜기 관계자는 “다양한 요리를 쉽고 간편하게 만들며 요리를 통한 스위트홈을 구현하고자 하는 바램으로 레시피 홈페이지 ‘오’키친’을 오픈 했다”고 말했다.,https://news.naver.com/main/read.nhn?mode=LS2D&mid=shm&sid1=101&sid2=310&oid=016&aid=0001751484
20201113 오전 11:24,101,310,맛있는 요리가 한가득…오뚜기 레시피 소개 홈페이지 오키친 연다,120종 요리법 제공…조리 시간·도구·재료 맞춤형 검색오 키친 오뚜기 제공  뉴스1 서울 뉴스1 이비슬 기자 오뚜기는 요리 레시피를 소개하는 홈페이지 오’키친 O’Kitchen 을 운영한다고 13일 밝혔다. 오 키친은 오뚜기 키친 을 줄여 만든 단어로 직역하면 오뚜기의 부엌 을 의미한다. 홈페이지 방문객은 음식 종류별 조리법·사용 도구·영양정보를 쉽게 확인할 수 있다. 홈페이지는 각 레시피에 사용한 자사 제품 구매를 원하는 소비자를 위해 오뚜기몰 과 연결되는 링크 서비스도 제공하고 있다. 레시피를 다른 사람과 공유할 수 있는 기능도 추가했다. 오뚜기 제품과 어울리는 음식 조합도 추천해준다. 특히 제품명·재료·조리방법·조리도구 단어에 따라 검색이 가능하도록 만들어 상황에 맞는 메뉴를 빠르게 찾을 수 있다.오뚜기는 연구와 설문조사를 통해 현재 120개 레시피를 늘려갈 계획이다. 오뚜기 관계자는 다양한 요리를 쉽고 간편하게 만들 수 있도록 레시피 홈페이지를 만들었다 고 말했다.,https://news.naver.com/main/read.nhn?mode=LS2D&mid=shm&sid1=101&sid2=310&oid=421&aid=0004988130
20201113 오전 9:44,101,310,오뚜기 조리법 한 데 모은 ‘오’키친’ 서비스 시작,약 120개 조리법 담은 홈페이지 운영쉬운 조리법 빠른 조리법 오뚜기 조리법 등 소개오키친 관련 이미지 사진 오뚜기 이데일리 김무연 기자 오뚜기는 다양한 요리 조리법을 담은 홈페이지 오’키친 O’Kitchen 을 열었다고 13일 밝혔다. 오’키친 O’Kitchen 은 ‘오뚜기 키친’의 줄임말로 쉽고 간편하게 따라 할 수 있는 오뚜기의 부엌을 의미한다. 고객들이 요리로 가정의 행복과 건강한 생활이 이뤄지는 ‘스위트홈’을 만들어 가도록 돕는단 설명이다.오’키친의 조리법은 요리의 종류와 주재료 조리방법 조리도구 등의 카테고리에 따라 분류해 한 눈에 알아볼 수 있다. △요리 초보자들도 쉽게 만들 수 있는 조리법 △빠르게 완성하는 스피드 조리법 △오뚜기 제품을 더욱 맛있게 먹을 수 있는 조리법 등 다양한 상황에 어울리는 오뚜기 추천 조리법을 누구나 쉽게 따라 할 수 있도록 구성했다. 각 조리법에는 조리시간 준비시간 인분 수 영양정보를 비롯한 각종 정보를 기재한 것은 물론 조리법을 다른 사람과 공유하기 쉽도록 링크 메일 등의 태그 기능을 추가했다. 또한 요리에 사용된 오뚜기 제품을 쉽게 구매할 수 있도록 클릭하면 ‘오뚜기몰’의 해당 제품 판매 페이지로 바로 연결돼 더욱 편리하게 구매가 가능하다. 조리법 검색은 제품명이나 재료 조리방법 조리도구 등으로 검색이 가능하다. 특히 계절이나 캠핑 생일 파티 등 상황 맞춤형 조리법 검색이 가능하여 사용자들에게 좋은 호응을 얻고 있다. 오’키친의 레시피는 오뚜기 연구원과 셰프 마케터들의 추천과 설문조사를 진행해 120개의 조리법을 기본으로 지속적인 업데이트를 통해 더욱 풍성하게 채워나갈 예정이다.,https://news.naver.com/main/read.nhn?mode=LS2D&mid=shm&sid1=101&sid2=310&oid=018&aid=0004784952
20201113 오전 10:01,101,310,오뚜기 레시피 홈페이지 오키친 오픈,서울 뉴시스 김동현 기자 오뚜기는 다양한 요리를 쉽고 간편하게 따라 만들 수 있는 레시피를 담은 홈페이지 오 키친 O Kitchen 을 오픈했다고 13일 밝혔다.오 키친은 오뚜기 키친 의 줄임말로 쉽고 간편하게 따라 할 수 있는 오뚜기의 부엌을 의미한다. 요리를 통해 가정의 행복과 건강한 생활이 이뤄지는 스위트홈 을 만들어 가고자 만들어졌다. 오 키친의 레시피는 요리의 종류와 주재료 조리방법 조리도구 등의 카테고리에 따라 분류되어 한 눈에 알아보기 쉽고 편리하다. 요리 초보자들도 쉽게 만들 수 있는 레시피 빠르게 완성되는 스피드 레시피 오뚜기 제품을 더욱 맛있게 먹을 수 있는 꿀조합 레시피 등 다양한 상황에 어울리는 오뚜기 추천 레시피를 누구나 쉽게 따라 할 수 있도록 구성했다.각 레시피에는 조리시간 준비시간 인분 수 영양정보를 비롯한 각종 정보는 물론 레시피를 다른 사람과 공유하기 쉽도록 링크 메일 등의 태그 기능을 추가해 레시피 제안의 폭을 넓혔다. 또 요리에 사용된 오뚜기 제품을 쉽게 구매할 수 있도록 클릭하면 오뚜기몰 의 해당 제품 판매 페이지로 바로 연결돼 더욱 편리하게 구매가 가능하다. 오뚜기 관계자는 다양한 요리를 쉽고 간편하게 만들며 요리를 통한 스위트홈을 구현하고자 하는 바람으로 레시피 홈페이지 오 키친을 오픈했다 고 말했다.,https://news.naver.com/main/read.nhn?mode=LS2D&mid=shm&sid1=101&sid2=310&oid=003&aid=0010183362
20201116 오후 4:29,101,310,늘어난 집밥족에 웃었다…오뚜기 3Q 영업익 596억원상보,국내외 실적 고르게 상승 면제품·유지류 매출 크게 늘어 뉴스1 서울 뉴스1 김종윤 기자 오뚜기가 신종 코로나바이러스 감염증 코로나19 확산으로 늘어난 집밥족 효과를 누렸다. 오뚜기는 16일 올해 3분기 영업이익 연결기준 이 지난해 동기보다 62.8% 오른 596억원으로 집계됐다고 공시했다. 같은 기간 매출은 6812억원으로 14% 상승했고 당기순이익은 62% 줄어든 111억원으로 나타났다. 매출은 국내외 모두 고르게 증가했다. 국내에선 전년 동기 5435억원 보다 14% 늘어난 6208억원 매출을 올렸다. 해외에서도 534억원에서 604억원으로 13% 증가한 성적표를 받았다. 최근 공장을 세운 베트남 시장을 중심으로 실적을 끌어올리고 있다. 부문별 매출을 보면 집밥족 효과가 뚜렷하다. 요리 필수품인 유지류 식용유·참기름 의 경우 1076억원 판매고를 올리며 지난해 동기 787억원 대비 36% 늘었다. 식사대용인 면제품류도 12.7% 증가한 1548억원 매출을 달성했다. 오뚜기 관계자는 코로나19 확산 이후 집밥족 증가로 실적이 향상됐다 며 앞으로 적극적인 영업활동으로 상승세를 이어가겠다 고 말했다.,https://news.naver.com/main/read.nhn?mode=LS2D&mid=shm&sid1=101&sid2=310&oid=421&aid=0004993215
20201116 오후 3:48,101,310,오뚜기 3분기 영업익 596억…전년比 62.8%↑1보, 뉴스1 서울 뉴스1 김종윤 기자 오뚜기는 16일 올해 3분기 영업이익 연결기준 이 지난해 동기보다 62.8% 오른 596억원으로 집계됐다고 공시했다. 같은 기간 매출은 6812억원으로 14% 상승했고 당기순이익은 62% 줄어든 111억원으로 나타났다.,https://news.naver.com/main/read.nhn?mode=LS2D&mid=shm&sid1=101&sid2=310&oid=421&aid=0004993061
20201117 오후 1:16,101,310,제품 조리법 한곳에…오뚜기 오’키친 오픈,오뚜기가 자사 제품을 활용한 조리법을 담은 홈페이지 오’키친 O’Kitchen 을 열었다.오 ‘키친 O’Kitchen 은 누구나 쉽게 따라 할 수 있는 오뚜기의 부엌을 뜻하는 ‘오뚜기 키친’의 줄임말이다.오뚜기는 오’키친 홈페이지에 요리의 종류와 주 재료 조리방법 등의 유형에 따라 한 눈에 알아보기 쉽게 조리법을 정리했다. 각 레시피에는 조리시간 준비시간 등 요리 정보는 물론 레시피를 다른 사람과 공유하기 쉽도록 링크 메일 등의 태그 기능을 추가했다. 또 요리에 사용된 오뚜기 제품을 쉽게 구매할 수 있도록 제품을 클릭하면 ‘오뚜기몰’에 바로 연결되도록 화면을 구성했다.오’키친은 오뚜기 연구원과 셰프 마케터들의 추천과 설문조사를 통한 120품의 조리법을 기본으로 다양한 조리법을 채워나갈 예정이다.,https://news.naver.com/main/read.nhn?mode=LS2D&mid=shm&sid1=101&sid2=310&oid=016&aid=0001753028
20201117 오후 12:30,101,310,오늘의 유통 단신 오뚜기 쉐이크앤펀 핫케이크믹스 출시 外,아이뉴스24 이현석 기자 오뚜기 쉐이크앤펀 핫케이크믹스 출시오뚜기가 우유를 넣어 흔들어서 반죽해 만드는 새로운 핫케이크 믹스 제품인 쉐이크앤팬 핫케이크 믹스 4종을 출시한다.쉐이크앤팬 핫케이크 믹스는 기존 핫케이크 믹스 제품 사용시 필요했던 거품기 반죽그릇 필요 없이 우유만 부어 흔들어서 반죽하여 만드는 제품이다.특히 기존 핫케이크 믹스의 큰 용량이 부담되던 사람도 간편하게 섭취 가능한 지름 12cm 3장 분량으로 출시됐다. 권장 조리법인 우유로 조리할 시 단백질 일일 권장량의 27% 이상 식이섬유 또한 6g 이상 섭취할 수 있다. 바디프랜드 천년의 약속展 개최바디프랜드가 대한민국 고미술의 정신과 가치를 담은 고미술품 특별전 천년의 약속전 展 을 개최한다. 사진 바디프랜드 천년의 약속전은 바디프랜드 아트랩이 개최하는 두번째 전시로 천년이 지나도 변치 않는 가치를 지닌 고미술품처럼 바디프랜드가 고객을 생각하는 마음 역시 천년이 지나도 변치 않겠다 는 다짐을 담아 기획됐다.바디프랜드 아트랩은 이번 천년의 약속전에서 고려청자상감연화학문매병 백자달항아리 등 우리나라 고미술을 대표하는 도자기들과 궁중주칠삼층책장 조선철 조선 카페트 까지 한국고미술협회 종로지회의 작품 후원과 자문을 거쳐 여느 박물관 못지 않는 수준 높은 전시 라인업을 구성했다. 서울우유 나100% 자연숙성치즈 마일드체다 첫 선서울우유협동조합이 프리미엄 서울우유 나100% 국산 원유를 사용해 만든 웰메이드 신제품 나100% 자연숙성치즈 마일드체다 를 출시한다.이번 신제품은 원유 위생등급을 결정하는 양대 축인 세균 수와 체세포 수 모두 최고 등급으로 채운 나100% 국산원유를 사용해 만든 프리미엄 자연치즈 제품이다.패키지는 스틱형으로 소포장 돼있어 간편하게 휴대하면서도 섭취할 수 있다. 합성보존료 등을 일체 첨가하지 않아 남녀노소 누구나 안심하고 건강하게 즐길 수 있으며 가정 내에서 아이들 간식용 어른 안주용 등 다양한 요리로도 활용 가능하다. LF트라이씨클 블랙데이 할인행사 전개LF 계열사 트라이씨클의 브랜드몰 하프클럽과 유아동 전문몰 보리보리가 오는 18일까지 최대 쇼핑 이벤트로 자리잡은 블랙프라이데이 시즌에 맞춰 대규모 할인 행사 블랙데이 를 진행한다.블랙데이 행사기간 동안 하프클럽과 보리보리 방문 고객에게 각각 10%와 7% 장바구니 쿠폰을 매일 2장씩 증정한다. 오전 10시 오후 2시와 저녁 6시에는 선착순으로 최대 1만 원의 적립금을 받을 수 있다. 사진 트라이씨클 제품 구매시 카드사 제휴를 통한 추가 할인 혜택도 마련했다. 5만 원 이상 구매하는 경우 BC카드와 스마일페이 KB국민카드 삼성카드 로 결제하면 각각 3천 원과 5천 원 즉시할인을 받을 수 있다. 엔제리너스 코베아 경품 이벤트 열어롯데GRS가 운영하는 커피 프랜차이즈 엔제리너스가 종합 캠핑레저 기업 코베아 와 함께 100% 당첨 경품 스크래치 카드 증정 이벤트를 연다.이번 행사는 최근 엔제리너스의 새로운 시그니처 메뉴로 등극한 반미 샌드위치 또는 반미 디저트 구매 고객을 대상으로 100% 당첨 스크래치 카드를 제공한다.경품 내역은 1등 코베아 네스트2 4인용 텐트 1명 2등 코베아 투어링 차박 텐트 1명 3등 코베아 와우 패밀리 골드 팝업 텐트 5명 등을 증정하며 4등 8등에게는 릴렉스 체어 미니 테이블 엔제리너스 20주년 텀블러 등 다양한 경품 및 할인 쿠폰을 증정한다. 동서식품 맥심X유니버설 스튜디오 스페셜 패키지 선봬동서식품이 미국의 유명 영화 제작사인 유니버설 스튜디오 와 손잡고 죠스 백투더퓨처 쥬라기공원 등 명작 영화를 활용한 맥심X유니버설 스튜디오 스페셜 패키지 를 한정 판매한다. 사진 동서식품 맥심X유니버설 스튜디오 스페셜 패키지는 개봉한 지 오랜 시간이 지났지만 여전히 전 세계적으로 큰 사랑을 받고 있는 유니버설 스튜디오의 클래식 무비가 지닌 감성을 맥심 브랜드에 녹여낸 것이 특징이다.이번 패키지는 맥심 모카골드 마일드 맥심 모카골드 라이트 맥심 모카골드 심플라떼 맥심 화이트골드 등 총 4종이다. 각 커피믹스 스틱과 패키지에는 영화의 포스터와 명장면 심볼 등을 모티브로 한 다양한 일러스트를 담아 보는 재미를 더했다. 빈폴골프 멸종 위기 동물 컬렉션 론칭삼성물산 패션부문 빈폴골프가 멸종 위기의 동물에 대해 경각심을 높이자는 취지에서 멸종 위기 동물 컬렉션 상품을 출시한다.빈폴골프는 지구온난화 해수면 상승 등의 환경문제로 서식지 파괴 개체 수 감소 등의 보호가 필요한 멸종 위기 종인 그린란드 순록 흰점박이 물범 북극곰 등을 디자인적 포인트로 한 상품을 내놨다.상품 라인업은 스웨터와 양말 등으로 구성됐다. 방풍 안감을 사용해 보온성을 높였고 기능성까지 갖춰 필드에서 뿐 아니라 일상복으로 활용하기도 좋다. 파라다이스시티 커피빈 스페셜 패키지 운영파라다이스시티가 다음달 20일까지 글로벌 커피 브랜드 커피빈코리아와 협업해 프라이빗한 커피 브레이크를 즐길 수 있는 커피빈 스페셜 패키지를 출시한다.이번 패키지는 고객이 최상급의 프리미엄 커피와 티를 마음껏 즐기며 여유로운 호캉스를 동시에 누릴 수 있도록 준비됐다. 사진 파라다이스시티 파라다이스시티는 패키지 이용객 모두에게 이번 협업을 기념해 제작한 한정판 굿즈를 객실당 1세트씩 증정한다. 굿즈 세트는 2021년 다이어리 커피빈 기프트 카드 커피 드리퍼 세트 원두 교환권으로 실속 있게 구성됐다.,https://news.naver.com/main/read.nhn?mode=LS2D&mid=shm&sid1=101&sid2=310&oid=031&aid=0000568832
20201117 오후 12:00,101,310,오뚜기 핫도그 내용물 양 제일 많아…치즈핫도그는 이마트,이마트 치즈 핫도그 영양성분 함량 가장 많아 News1 이지원 디자이너 서울 뉴스1 윤다정 기자 시중에서 판매되는 냉동 핫도그 중 오뚜기 맛있는 오리지널 핫도그 의 소시지 함유량이 가장 많은 것으로 나타났다. 치즈 핫도그의 경우 이마트 모짜렐라 크리스피 핫도그 의 소시지 치즈 함유량이 가장 많았다.한국소비자원은 일반 핫도그 6개 치즈 핫도그 6개 등 12개 냉동 핫도그 제품의 영양성분 함량 내용물 구성 안전성·표시 적합성 등을 시험·평가한 결과 이같이분석됐다고 17일 밝혔다.빵과 소시지로 구성된 일반 핫도그 제품은 ΔCJ제일제당 고메 크리스피 핫도그 Δ롯데푸드 롯데 켄터키 핫도그 Δ이마트 리얼 핫도그 Δ오뚜기 맛있는 오리지널 핫도그 Δ풀무원식품 올바른 핫도그 Δ신세계푸드 크런치 찰 핫도그 등이다.빵과 소시지 치즈로 구성된 치즈 핫도그 제품은 ΔCJ제일제당 고메 치즈크리스피 핫도그 Δ이마트 모짜렐라 크리스피 핫도그 Δ풀무원식품 모짜렐라 핫도그 Δ오뚜기 맛있는 치즈핫도그 Δ신세계푸드 올반 찰 핫도그 Δ동원F B 퀴진 치즈크리스피 핫도그 등이다.일반 핫도그의 경우 소시지 함량은 23 32g 빵 함량은 44 58g 수준이었다. 오뚜기 맛있는 오리지널 핫도그 가 32g으로 소시지 함유량이 가장 많았고 개당 가격도 1396원으로 가장 비쌌다. 이마트 리얼 핫도그 는 23g으로 상대적으로 적었지만 개당 가격은 618원으로 가장 쌌다.치즈 핫도그의 경우 소시지 함량은 13 25g 치즈 함량은 15 21g 빵 함량은 52 70g 수준이었다. 이마트 모짜렐라 크리스피 핫도그 가 소시지 25g 치즈 21g으로 내용물 함유량이 가장 많았다.개당 가격은 CJ제일제당 고메 치즈크리스피 핫도그 가 1696원으로 가장 비쌌다. 오뚜기 맛있는 치즈핫도그 와 퀴진 치즈크리스피 핫도그 가 1396원으로 가장 저렴했다.주요 영양성분 함량은 1일 기준치 대비 열량 12% 탄수화물 9% 단백질 13% 지방 20% 포화지방 18% 나트륨 22% 당류 5% 수준이었다. 치즈 핫도그가 일반 핫도그에 비해 영양성분 함량이 높았다.시험 대상 제품 중에서는 중량이 110g으로 양이 가장 많은 이마트 모짜렐라 크리스피 핫도그 의 영양성분 함량이 지방 16g 기준치 대비 30% 포화지방 4.0g 기준치 대비 27% 나트륨 628㎎ 기준치 대비 31% 등으로 상대적으로 높았다.한편 어린이들이 핫도그와 소스 음료를 함께 섭취하면 나트륨과 당류 섭취량이 권고량보다 크게 늘어날 수 있으므로 주의해야 한다.소비자원이 지난 4월 냉동 핫도그 섭취·구입 경험이 있는 소비자 1000명을 대상으로 설문조사를 실시한 결과 케첩 60.9% 과 탄산음료 32.8% 를 곁들여 핫도그를 섭취한다는 답변이 많았다.케첩과 머스타드 등 소스류를 첨가하면 일반 핫도그는 어린이 나트륨 충분섭취량 대비 46% 치즈 핫도그는 52%까지 섭취량이 늘어나는 것으로 나타났다.또한 케첩과 머스타드 콜라를 일반 핫도그와 함께 섭취하면 국제보건기구 WHO 의 어린이 당류 섭취 권고량보다 77%까지 섭취량이 늘어났다. 치즈 핫도그의 경우 83%까지 증가했다.핫도그만 섭취할 경우 어린이 나트륨 충분섭취량 대비 제품 1개당 나트륨 함량은 28 52% 수준이었다. 당 함량은 WHO 권고량과 대비해 여아는 8 24% 수준 남아는 7 21% 수준이었다.,https://news.naver.com/main/read.nhn?mode=LS2D&mid=shm&sid1=101&sid2=310&oid=421&aid=0004994575
20201117 오전 9:46,101,310,반죽 필요없는 오뚜기 쉐이크 앤 팬 핫케이크,이데일리 전재욱 기자 오뚜기는 우유를 넣어 흔들어 반죽해 만드는 새로운 핫케이크 믹스 제품인 ‘쉐이크 앤 팬 핫케이크 믹스’ 4종을 출시했다고 17일 밝혔다.최근 1인 가구 증가와 코로나 19 등의 영향으로 간편하면서도 손쉽게 조리하는 핫케이크 믹스 등의 프리믹스 제품 매출이 크게 증가하고 있다. ‘쉐이크 앤 팬 핫 케이크 믹스’는 기존 프리믹스 제품의 복잡한 조리과정을 단축시킨 새로운 제품으로 소비자들의 눈길을 끌고 있다.제품은 기존 핫케이크 믹스 제품 사용시 필요했던 거품기 반죽그릇 필요 없이 우유만 부어 흔들어서 반죽해 만드는 제품이다. 우유를 붓고 흔들어 섞어서 반죽을 만들고 프라이팬에 부어 굽기만 하면 간편하게 핫케이크를 만들 수 있다. 제품 측면 투명창의 우유 붓는 선에 정확하고 간편하게 계량할 수 있어 조리부터 설거지까지 더욱 간편한 것이 특징이다.제품은 기존 핫케이크 믹스의 큰 용량이 부담되던 사람도 간편하게 섭취 가능한 지름 12cm 3장 분량으로 출시됐다. 권장 조리법인 우유로 조리할 시 단백질 일일 권장량의 27% 이상 식이섬유 또한 6g 이상 섭취할 수 있다. ‘쉐이크앤팬 핫케이크 믹스’는 정통의 오뚜기 핫케이크 믹스 맛 그대로 향긋한 바닐라와 부드러운 크림이 조화를 이루는 ‘쉐이크앤팬 핫케이크 믹스 오리지널’ 고소하고 건강한 맛의 20가지 곡물을 함유하여 찰보리 발아현미 등으로 건강한 맛을 낸 ‘쉐이크앤팬 핫케이크 믹스 20가지 곡물’ 바나나의 향긋함을 맛있는 핫케이크와 함께 느낄 수 있는 ‘쉐이크앤팬 핫케이크 믹스 바나나’ 체다 치즈의 고소한 풍미와 핫케이크의 조화가 일품인 ‘쉐이크앤팬 핫케이크 믹스 치즈’ 등 총 4종의 다양한 맛으로 출시됐다.오뚜기 관계자는 “복잡한 조리 과정 없이 우유만 부어 흔들어 반죽하는 ‘쉐이크앤팬 핫케이크 믹스’ 4종을 출시했다”며 “다양한 맛으로 간편하고 재미있게 맛있는 핫케이크를 즐길 수 있을 것”이라고 말했다.,https://news.naver.com/main/read.nhn?mode=LS2D&mid=shm&sid1=101&sid2=310&oid=018&aid=0004787777
20201117 오전 9:35,101,310,오뚜기 쉐이크앤팬 핫케이크 믹스 4종 출시,서울 뉴시스 김동현 기자 오뚜기는 핫케이크 믹스 제품인 쉐이크앤팬 핫케이크 믹스 4종을 출시했다고 17일 밝혔다.쉐이크앤팬 핫케이크 믹스는 우유를 붓고 흔들어 섞어서 반죽을 만들고 프라이팬에 부어 굽기만 하면 간편하게 핫케이크를 만들 수 있다. 기존 핫케이크 믹스의 큰 용량이 부담되던 사람도 간편하게 섭취 가능한 지름 12㎝ 3장 분량으로 출시됐다. 권장 조리법인 우유로 조리할 시 단백질 일일 권장량의 27% 이상 식이섬유 또한 6g 이상 섭취할 수 있다. 오뚜기 관계자는 복잡한조리과정 없이 우유만 부어 흔들어 반죽하는 쉐이크앤팬 핫케이크 믹스 4종을 출시했다 며 다양한 맛으로 간편하고 재미있게 맛있는 핫케이크를 즐길 수 있을 것 이라고 말했다.,https://news.naver.com/main/read.nhn?mode=LS2D&mid=shm&sid1=101&sid2=310&oid=003&aid=0010188892
20201117 오전 9:24,101,310,오뚜기 제품 조리법 모아 오’키친 O’Kitchen 오픈,오뚜기 제품 활용한 다양한 조리법 소개오뚜기 오치킨 사진제공 오뚜기 헤럴드경제 김빛나 기자 오뚜기가 자사 제품을 활용한 조리법을 담은 홈페이지 오’키친 O’Kitchen 을 열었다고 17일 밝혔다.오’키친 O’Kitchen 은 누구나 쉽게 따라 할 수 있는 오뚜기의 부엌을 뜻하는 ‘오뚜기 키친’의 줄임말이다.오뚜기는 오’키친 홈페이지에 요리의 종류와 주 재료 조리방법 등의 유형에 따라 한 눈에 알아보기 쉽게 조리법을 정리했다. ‘요리 초보자들도 쉽게 만들 수 있는 레시피’ ‘빠르게 완성되는 스피드 레시피’ ‘오뚜기 제품을 더욱 맛있게 먹을 수 있는 꿀조합 레시피’ 등 다양한 상황에 어울리는 오뚜기 추천 요리를 누구나 쉽게 따라 할 수 있도록 구성했다.각 레시피에는 조리시간 준비시간 등 요리 정보는 물론 레시피를 다른 사람과 공유하기 쉽도록 링크 메일 등의 태그 기능을 추가했다. 또 요리에 사용된 오뚜기 제품을 쉽게 구매할 수 있도록 제품을 클릭하면 ‘오뚜기몰’에 바로 연결되도록 화면을 구성했다.오’키친은 오뚜기 연구원과 셰프 마케터들의 추천과 설문조사를 통한 120품의 조리법을 기본으로 다양한 조리법을 채워나갈 예정이다.오뚜기 관계자는 “다양한 요리를 쉽고 간편하게 만들며 요리를 통한 스위트홈을 구현하고자 하는 바램으로 레시피 홈페이지 오’키친을 오픈 했다”고 말했다.,https://news.naver.com/main/read.nhn?mode=LS2D&mid=shm&sid1=101&sid2=310&oid=016&aid=0001752704
20201118 오전 7:43,101,310,성시경 오뚜기 신상 라면에 냉정한 평가…함연지 전 안 먹어봤어요,가수 성시경 인스타그램 갈무리  뉴스1 서울 뉴스1 김학진 기자 가수 성시경의 신상 라면에 대해 단호한 평가를 하자 오뚜기 3세 함연지가 반응했다.성시경은 지난 17일 자신의 SNS에 새로운 게 나왔다고 해서 먹어보고 싶었는데 L마트 아니면 잘 안파는 거예요. 괴로워하는 형을 위해 불마왕라면 동생이 인터넷으로 주문해서 갖다준 Open sesame A.k.a 열려라참깨라면 이라는 글과 함께 사진을 게재했다. 이어 성시경은 참깨라면이 매워진 맛일까 열라면이 고소해진 맛일까 무척 궁금했다 며 한 개 먹긴 아쉽고 두 개 먹긴 요즘 죄책감 드는데 매니저 님도 다이어트 중이시라 고민고민하다가 결국 3개에서 만났다 라고 설명했다.가수 성시경 인스타그램 갈무리  뉴스1그러면서 성시경은 결론부터 말씀드리면 매워요. 매워서 고소한 맛이 안 나요 라며 냉정하게 맛을 평가했다. 더불어 사실 원래도 조금 매콤하지만 참깨라면 쪽을 조금 더 매콤하게 하는 걸 바랐어요 라며 본인의 시식평을 솔직하게 말했다.끝으로 성시경은 연지야 미안해 오빤 따로가 좋다 오뚜기 좋아해요 등의 해시태그를 붙여 오뚜기 함영준 회장의 장녀인 뮤지컬 배우 함연지를 언급하며 솔직하고 냉정한 평가에 대해 양해를 바랐다.배우 함연지 인스타그램 갈무리  뉴스1한편 이 게시물을 접한 함연지는 오빠 저 계속 다이어트해서 사실 아직 안 먹어봤어요 ㅋㅋㅋ 라고 솔직히 고백하면서 빨리 먹어보고 오빠의 개취 개인취향 도 이해하도록 하겠습니다 라고 밝혔다. 이어 신제품 관심 갖고 드셔봐주셔서 감사해요 라고 성시경에게 고마워하며 이해하는 모습을 보였다.성시경은 자신의 글에 솔직한 기분을 표현한 함연지를 향해 살 그만 빼 라는 댓글을 다시 한번 남겨 또 한번 시선을 모았다.한편 함연지와 성시경은 지난 9월 MBC 예능 프로그램 볼빨간 라면연구소 에 함께 출연하며 친분을 쌓은 것으로 알려졌다.,https://news.naver.com/main/read.nhn?mode=LS2D&mid=shm&sid1=101&sid2=310&oid=421&aid=0004996364
20201119 오전 10:43,101,310,오뚜기스프 출시 50주년 산타컵스프 한정판 출시,아이뉴스24 이연춘 기자 오뚜기가 오뚜기스프 출시 50주년을 기념하여 산타컵스프 를 한정판으로 출시했다.지난 1970년 출시된 산타 포타지스프 와 산타 크림스프 는 국내 최초로 출시된 스프 제품으로 당시로는 파격적인 영문 상표를 붙인 국내 최초의 사례로 꼽힌다. 오뚜기 19일 오뚜기에 따르면 산타컵스프 는 오뚜기가 50년전 출시한 산타스프 의 정통 크림스프의 맛을 컵스프로 재해석한 제품으로 겨울철 한정판으로 출시했다. 산타컵스프 는 풍부한 크림과 야채스톡의 은은한 풍미를 살린 스프다. 뜨거운 물만 부어 편하게 먹을 수 있는 컵스프 타입으로 더욱 편리해졌고 70년대 산타스프의 레트로 패키지 디자인을 그래도 살려 더욱 의미 있는 제품이다.오뚜기 관계자는 오뚜기스프출시 50주년을 기념하는 한정판 ‘산타컵스프’를 출시했다 며 스프 성수기인 겨울철 다양한 온 오프라인 프로모션 활동을 지속할 예정 이라고 말했다.,https://news.naver.com/main/read.nhn?mode=LS2D&mid=shm&sid1=101&sid2=310&oid=031&aid=0000569282
20201119 오전 9:09,101,310,오뚜기스프 출시 50주년 기념 ‘산타컵스프’ 한정판 출시,ⓒ오뚜기오뚜기는 오뚜기스프 출시 50주년을 기념해 ‘산타컵스프’를 한정판으로 출시했다고 19일 밝혔다.지난 1970년 출시된 ‘산타 포타지스프’와 ‘산타 크림스프’는 국내 최초로 출시된 스프 제품으로 당시로는 파격적인 영문 상표를 붙인 국내 최초의 사례로 꼽힌다.‘산타컵스프’는 오뚜기가 50년전 출시한 ‘산타스프’의 정통 크림스프의 맛을 컵스프로 재해석한 제품으로 겨울철 한정판으로 출시했다.‘산타컵스프’는 풍부한 크림과 야채스톡의 은은한 풍미를 살린 스프다. 뜨거운 물만 부어 편하게 먹을 수 있는 컵스프 타입으로 더욱 편리해졌고 70년대 산타스프의 레트로 패키지 디자인을 그래도 살려 더욱 의미 있는 제품이다.오뚜기 관계자는 오뚜기스프 출시 50주년을 기념하는 한정판 ‘산타컵스프’를 출시했다”며 “스프 성수기인 겨울철 다양한 온 오프라인 프로모션 활동을 지속할 예정”이라고 말했다.한편 11번가에서는 ‘산타컵스프’ 출시를 기념하며 한정판 ‘산타컵스프’와 ‘레트로 3분 시리즈’ ‘레트로 TV 스마트폰 확대 스크린’ 등을 함께 구성한 ‘오뚜기 레트로 시리즈’ 기획팩을 1000세트 한정 선착순으로 판매한다.,https://news.naver.com/main/read.nhn?mode=LS2D&mid=shm&sid1=101&sid2=310&oid=119&aid=0002444657
20201119 오전 9:11,101,310,오뚜기 50주년 기념 산타컵스프 선봬,서울 뉴시스 최지윤 기자 오뚜기가 산타컵스프 를 내놨다. 1970년 출시한 산타 포타지·크림스프 를 컵스프로 재해석했다. 오뚜기스프 출시 50주년을 기념하는 한정판이다. 풍부한 크림과 야채스톡의 은은한 풍미를 살렸다. 뜨거운 물만 부어 편하게 먹을 수 있다. 1970년대 산타스프의 레트로 패키지 디자인을 그대로 살렸다.11번가에서 오뚜기 레트로 시리즈 기획팩을 1000세트 한정 판매한다. 산타컵스프와 레트로 3분 시리즈’ ‘레트로 TV 스마트폰 확대 스크린 등으로 구성한다.,https://news.naver.com/main/read.nhn?mode=LS2D&mid=shm&sid1=101&sid2=310&oid=003&aid=0010194011
20201117 오후 12:00,101,771,오뚜기 핫도그 내용물 양 제일 많아…치즈핫도그는 이마트,이마트 치즈 핫도그 영양성분 함량 가장 많아 News1 이지원 디자이너 서울 뉴스1 윤다정 기자 시중에서 판매되는 냉동 핫도그 중 오뚜기 맛있는 오리지널 핫도그 의 소시지 함유량이 가장 많은 것으로 나타났다. 치즈 핫도그의 경우 이마트 모짜렐라 크리스피 핫도그 의 소시지 치즈 함유량이 가장 많았다.한국소비자원은 일반 핫도그 6개 치즈 핫도그 6개 등 12개 냉동 핫도그 제품의 영양성분 함량 내용물 구성 안전성·표시 적합성 등을 시험·평가한 결과 이같이분석됐다고 17일 밝혔다.빵과 소시지로 구성된 일반 핫도그 제품은 ΔCJ제일제당 고메 크리스피 핫도그 Δ롯데푸드 롯데 켄터키 핫도그 Δ이마트 리얼 핫도그 Δ오뚜기 맛있는 오리지널 핫도그 Δ풀무원식품 올바른 핫도그 Δ신세계푸드 크런치 찰 핫도그 등이다.빵과 소시지 치즈로 구성된 치즈 핫도그 제품은 ΔCJ제일제당 고메 치즈크리스피 핫도그 Δ이마트 모짜렐라 크리스피 핫도그 Δ풀무원식품 모짜렐라 핫도그 Δ오뚜기 맛있는 치즈핫도그 Δ신세계푸드 올반 찰 핫도그 Δ동원F B 퀴진 치즈크리스피 핫도그 등이다.일반 핫도그의 경우 소시지 함량은 23 32g 빵 함량은 44 58g 수준이었다. 오뚜기 맛있는 오리지널 핫도그 가 32g으로 소시지 함유량이 가장 많았고 개당 가격도 1396원으로 가장 비쌌다. 이마트 리얼 핫도그 는 23g으로 상대적으로 적었지만 개당 가격은 618원으로 가장 쌌다.치즈 핫도그의 경우 소시지 함량은 13 25g 치즈 함량은 15 21g 빵 함량은 52 70g 수준이었다. 이마트 모짜렐라 크리스피 핫도그 가 소시지 25g 치즈 21g으로 내용물 함유량이 가장 많았다.개당 가격은 CJ제일제당 고메 치즈크리스피 핫도그 가 1696원으로 가장 비쌌다. 오뚜기 맛있는 치즈핫도그 와 퀴진 치즈크리스피 핫도그 가 1396원으로 가장 저렴했다.주요 영양성분 함량은 1일 기준치 대비 열량 12% 탄수화물 9% 단백질 13% 지방 20% 포화지방 18% 나트륨 22% 당류 5% 수준이었다. 치즈 핫도그가 일반 핫도그에 비해 영양성분 함량이 높았다.시험 대상 제품 중에서는 중량이 110g으로 양이 가장 많은 이마트 모짜렐라 크리스피 핫도그 의 영양성분 함량이 지방 16g 기준치 대비 30% 포화지방 4.0g 기준치 대비 27% 나트륨 628㎎ 기준치 대비 31% 등으로 상대적으로 높았다.한편 어린이들이 핫도그와 소스 음료를 함께 섭취하면 나트륨과 당류 섭취량이 권고량보다 크게 늘어날 수 있으므로 주의해야 한다.소비자원이 지난 4월 냉동 핫도그 섭취·구입 경험이 있는 소비자 1000명을 대상으로 설문조사를 실시한 결과 케첩 60.9% 과 탄산음료 32.8% 를 곁들여 핫도그를 섭취한다는 답변이 많았다.케첩과 머스타드 등 소스류를 첨가하면 일반 핫도그는 어린이 나트륨 충분섭취량 대비 46% 치즈 핫도그는 52%까지 섭취량이 늘어나는 것으로 나타났다.또한 케첩과 머스타드 콜라를 일반 핫도그와 함께 섭취하면 국제보건기구 WHO 의 어린이 당류 섭취 권고량보다 77%까지 섭취량이 늘어났다. 치즈 핫도그의 경우 83%까지 증가했다.핫도그만 섭취할 경우 어린이 나트륨 충분섭취량 대비 제품 1개당 나트륨 함량은 28 52% 수준이었다. 당 함량은 WHO 권고량과 대비해 여아는 8 24% 수준 남아는 7 21% 수준이었다.,https://news.naver.com/main/read.nhn?mode=LS2D&mid=shm&sid1=101&sid2=771&oid=421&aid=0004994575
